date,score,sub_etf_net_flow_rank,sub_etf_premium_rank,sub_etf_flow_divergence_rank,sub_etf_volume_share_rank
2014-09-17,,,,,
2014-09-18,,,,,
2014-09-19,,,,,
2014-09-20,,,,,
2014-09-21,,,,,
2014-09-22,,,,,
2014-09-23,,,,,
2014-09-24,,,,,
2014-09-25,,,,,
2014-09-26,,,,,
2014-09-27,,,,,
2014-09-28,,,,,
2014-09-29,,,,,
2014-09-30,,,,,
2014-10-01,,,,,
2014-10-02,,,,,
2014-10-03,,,,,
2014-10-04,,,,,
2014-10-05,,,,,
2014-10-06,,,,,
2014-10-07,,,,,
2014-10-08,,,,,
2014-10-09,,,,,
2014-10-10,,,,,
2014-10-11,,,,,
2014-10-12,,,,,
2014-10-13,,,,,
2014-10-14,,,,,
2014-10-15,,,,,
2014-10-16,,,,,
2014-10-17,,,,,
2014-10-18,,,,,
2014-10-19,,,,,
2014-10-20,,,,,
2014-10-21,,,,,
2014-10-22,,,,,
2014-10-23,,,,,
2014-10-24,,,,,
2014-10-25,,,,,
2014-10-26,,,,,
2014-10-27,,,,,
2014-10-28,,,,,
2014-10-29,,,,,
2014-10-30,,,,,
2014-10-31,,,,,
2014-11-01,,,,,
2014-11-02,,,,,
2014-11-03,,,,,
2014-11-04,,,,,
2014-11-05,,,,,
2014-11-06,,,,,
2014-11-07,,,,,
2014-11-08,,,,,
2014-11-09,,,,,
2014-11-10,,,,,
2014-11-11,,,,,
2014-11-12,,,,,
2014-11-13,,,,,
2014-11-14,,,,,
2014-11-15,,,,,
2014-11-16,,,,,
2014-11-17,,,,,
2014-11-18,,,,,
2014-11-19,,,,,
2014-11-20,,,,,
2014-11-21,,,,,
2014-11-22,,,,,
2014-11-23,,,,,
2014-11-24,,,,,
2014-11-25,,,,,
2014-11-26,,,,,
2014-11-27,,,,,
2014-11-28,,,,,
2014-11-29,,,,,
2014-11-30,,,,,
2014-12-01,,,,,
2014-12-02,,,,,
2014-12-03,,,,,
2014-12-04,,,,,
2014-12-05,,,,,
2014-12-06,,,,,
2014-12-07,,,,,
2014-12-08,,,,,
2014-12-09,,,,,
2014-12-10,,,,,
2014-12-11,,,,,
2014-12-12,,,,,
2014-12-13,,,,,
2014-12-14,,,,,
2014-12-15,,,,,
2014-12-16,,,,,
2014-12-17,,,,,
2014-12-18,,,,,
2014-12-19,,,,,
2014-12-20,,,,,
2014-12-21,,,,,
2014-12-22,,,,,
2014-12-23,,,,,
2014-12-24,,,,,
2014-12-25,,,,,
2014-12-26,,,,,
2014-12-27,,,,,
2014-12-28,,,,,
2014-12-29,,,,,
2014-12-30,,,,,
2014-12-31,,,,,
2015-01-01,,,,,
2015-01-02,,,,,
2015-01-03,,,,,
2015-01-04,,,,,
2015-01-05,,,,,
2015-01-06,,,,,
2015-01-07,,,,,
2015-01-08,,,,,
2015-01-09,,,,,
2015-01-10,,,,,
2015-01-11,,,,,
2015-01-12,,,,,
2015-01-13,,,,,
2015-01-14,,,,,
2015-01-15,,,,,
2015-01-16,,,,,
2015-01-17,,,,,
2015-01-18,,,,,
2015-01-19,,,,,
2015-01-20,,,,,
2015-01-21,,,,,
2015-01-22,,,,,
2015-01-23,,,,,
2015-01-24,,,,,
2015-01-25,,,,,
2015-01-26,,,,,
2015-01-27,,,,,
2015-01-28,,,,,
2015-01-29,,,,,
2015-01-30,,,,,
2015-01-31,,,,,
2015-02-01,,,,,
2015-02-02,,,,,
2015-02-03,,,,,
2015-02-04,,,,,
2015-02-05,,,,,
2015-02-06,,,,,
2015-02-07,,,,,
2015-02-08,,,,,
2015-02-09,,,,,
2015-02-10,,,,,
2015-02-11,,,,,
2015-02-12,,,,,
2015-02-13,,,,,
2015-02-14,,,,,
2015-02-15,,,,,
2015-02-16,,,,,
2015-02-17,,,,,
2015-02-18,,,,,
2015-02-19,,,,,
2015-02-20,,,,,
2015-02-21,,,,,
2015-02-22,,,,,
2015-02-23,,,,,
2015-02-24,,,,,
2015-02-25,,,,,
2015-02-26,,,,,
2015-02-27,,,,,
2015-02-28,,,,,
2015-03-01,,,,,
2015-03-02,,,,,
2015-03-03,,,,,
2015-03-04,,,,,
2015-03-05,,,,,
2015-03-06,,,,,
2015-03-07,,,,,
2015-03-08,,,,,
2015-03-09,,,,,
2015-03-10,,,,,
2015-03-11,,,,,
2015-03-12,,,,,
2015-03-13,,,,,
2015-03-14,,,,,
2015-03-15,,,,,
2015-03-16,,,,,
2015-03-17,,,,,
2015-03-18,,,,,
2015-03-19,,,,,
2015-03-20,,,,,
2015-03-21,,,,,
2015-03-22,,,,,
2015-03-23,,,,,
2015-03-24,,,,,
2015-03-25,,,,,
2015-03-26,,,,,
2015-03-27,,,,,
2015-03-28,,,,,
2015-03-29,,,,,
2015-03-30,,,,,
2015-03-31,,,,,
2015-04-01,,,,,
2015-04-02,,,,,
2015-04-03,,,,,
2015-04-04,,,,,
2015-04-05,,,,,
2015-04-06,,,,,
2015-04-07,,,,,
2015-04-08,,,,,
2015-04-09,,,,,
2015-04-10,,,,,
2015-04-11,,,,,
2015-04-12,,,,,
2015-04-13,,,,,
2015-04-14,,,,,
2015-04-15,,,,,
2015-04-16,,,,,
2015-04-17,,,,,
2015-04-18,,,,,
2015-04-19,,,,,
2015-04-20,,,,,
2015-04-21,,,,,
2015-04-22,,,,,
2015-04-23,,,,,
2015-04-24,,,,,
2015-04-25,,,,,
2015-04-26,,,,,
2015-04-27,,,,,
2015-04-28,,,,,
2015-04-29,,,,,
2015-04-30,,,,,
2015-05-01,,,,,
2015-05-02,,,,,
2015-05-03,,,,,
2015-05-04,,,,,
2015-05-05,,,,,
2015-05-06,,,,,
2015-05-07,,,,,
2015-05-08,,,,,
2015-05-09,,,,,
2015-05-10,,,,,
2015-05-11,,,,,
2015-05-12,,,,,
2015-05-13,,,,,
2015-05-14,,,,,
2015-05-15,,,,,
2015-05-16,,,,,
2015-05-17,,,,,
2015-05-18,,,,,
2015-05-19,,,,,
2015-05-20,,,,,
2015-05-21,,,,,
2015-05-22,,,,,
2015-05-23,,,,,
2015-05-24,,,,,
2015-05-25,,,,,
2015-05-26,,,,,
2015-05-27,,,,,
2015-05-28,,,,,
2015-05-29,,,,,
2015-05-30,,,,,
2015-05-31,,,,,
2015-06-01,,,,,
2015-06-02,,,,,
2015-06-03,,,,,
2015-06-04,,,,,
2015-06-05,,,,,
2015-06-06,,,,,
2015-06-07,,,,,
2015-06-08,,,,,
2015-06-09,,,,,
2015-06-10,,,,,
2015-06-11,,,,,
2015-06-12,,,,,
2015-06-13,,,,,
2015-06-14,,,,,
2015-06-15,,,,,
2015-06-16,,,,,
2015-06-17,,,,,
2015-06-18,,,,,
2015-06-19,,,,,
2015-06-20,,,,,
2015-06-21,,,,,
2015-06-22,,,,,
2015-06-23,,,,,
2015-06-24,,,,,
2015-06-25,,,,,
2015-06-26,,,,,
2015-06-27,,,,,
2015-06-28,,,,,
2015-06-29,,,,,
2015-06-30,,,,,
2015-07-01,,,,,
2015-07-02,,,,,
2015-07-03,,,,,
2015-07-04,,,,,
2015-07-05,,,,,
2015-07-06,,,,,
2015-07-07,,,,,
2015-07-08,,,,,
2015-07-09,,,,,
2015-07-10,,,,,
2015-07-11,,,,,
2015-07-12,,,,,
2015-07-13,,,,,
2015-07-14,,,,,
2015-07-15,,,,,
2015-07-16,,,,,
2015-07-17,,,,,
2015-07-18,,,,,
2015-07-19,,,,,
2015-07-20,,,,,
2015-07-21,,,,,
2015-07-22,,,,,
2015-07-23,,,,,
2015-07-24,,,,,
2015-07-25,,,,,
2015-07-26,,,,,
2015-07-27,,,,,
2015-07-28,,,,,
2015-07-29,,,,,
2015-07-30,,,,,
2015-07-31,,,,,
2015-08-01,,,,,
2015-08-02,,,,,
2015-08-03,,,,,
2015-08-04,,,,,
2015-08-05,,,,,
2015-08-06,,,,,
2015-08-07,,,,,
2015-08-08,,,,,
2015-08-09,,,,,
2015-08-10,,,,,
2015-08-11,,,,,
2015-08-12,,,,,
2015-08-13,,,,,
2015-08-14,,,,,
2015-08-15,,,,,
2015-08-16,,,,,
2015-08-17,,,,,
2015-08-18,,,,,
2015-08-19,,,,,
2015-08-20,,,,,
2015-08-21,,,,,
2015-08-22,,,,,
2015-08-23,,,,,
2015-08-24,,,,,
2015-08-25,,,,,
2015-08-26,,,,,
2015-08-27,,,,,
2015-08-28,,,,,
2015-08-29,,,,,
2015-08-30,,,,,
2015-08-31,,,,,
2015-09-01,,,,,
2015-09-02,,,,,
2015-09-03,,,,,
2015-09-04,,,,,
2015-09-05,,,,,
2015-09-06,,,,,
2015-09-07,,,,,
2015-09-08,,,,,
2015-09-09,,,,,
2015-09-10,,,,,
2015-09-11,,,,,
2015-09-12,,,,,
2015-09-13,,,,,
2015-09-14,,,,,
2015-09-15,,,,,
2015-09-16,,,,,
2015-09-17,,,,,
2015-09-18,,,,,
2015-09-19,,,,,
2015-09-20,,,,,
2015-09-21,,,,,
2015-09-22,,,,,
2015-09-23,,,,,
2015-09-24,,,,,
2015-09-25,,,,,
2015-09-26,,,,,
2015-09-27,,,,,
2015-09-28,,,,,
2015-09-29,,,,,
2015-09-30,,,,,
2015-10-01,,,,,
2015-10-02,,,,,
2015-10-03,,,,,
2015-10-04,,,,,
2015-10-05,,,,,
2015-10-06,,,,,
2015-10-07,,,,,
2015-10-08,,,,,
2015-10-09,,,,,
2015-10-10,,,,,
2015-10-11,,,,,
2015-10-12,,,,,
2015-10-13,,,,,
2015-10-14,,,,,
2015-10-15,,,,,
2015-10-16,,,,,
2015-10-17,,,,,
2015-10-18,,,,,
2015-10-19,,,,,
2015-10-20,,,,,
2015-10-21,,,,,
2015-10-22,,,,,
2015-10-23,,,,,
2015-10-24,,,,,
2015-10-25,,,,,
2015-10-26,,,,,
2015-10-27,,,,,
2015-10-28,,,,,
2015-10-29,,,,,
2015-10-30,,,,,
2015-10-31,,,,,
2015-11-01,,,,,
2015-11-02,,,,,
2015-11-03,,,,,
2015-11-04,,,,,
2015-11-05,,,,,
2015-11-06,,,,,
2015-11-07,,,,,
2015-11-08,,,,,
2015-11-09,,,,,
2015-11-10,,,,,
2015-11-11,,,,,
2015-11-12,,,,,
2015-11-13,,,,,
2015-11-14,,,,,
2015-11-15,,,,,
2015-11-16,,,,,
2015-11-17,,,,,
2015-11-18,,,,,
2015-11-19,,,,,
2015-11-20,,,,,
2015-11-21,,,,,
2015-11-22,,,,,
2015-11-23,,,,,
2015-11-24,,,,,
2015-11-25,,,,,
2015-11-26,,,,,
2015-11-27,,,,,
2015-11-28,,,,,
2015-11-29,,,,,
2015-11-30,,,,,
2015-12-01,,,,,
2015-12-02,,,,,
2015-12-03,,,,,
2015-12-04,,,,,
2015-12-05,,,,,
2015-12-06,,,,,
2015-12-07,,,,,
2015-12-08,,,,,
2015-12-09,,,,,
2015-12-10,,,,,
2015-12-11,,,,,
2015-12-12,,,,,
2015-12-13,,,,,
2015-12-14,,,,,
2015-12-15,,,,,
2015-12-16,,,,,
2015-12-17,,,,,
2015-12-18,,,,,
2015-12-19,,,,,
2015-12-20,,,,,
2015-12-21,,,,,
2015-12-22,,,,,
2015-12-23,,,,,
2015-12-24,,,,,
2015-12-25,,,,,
2015-12-26,,,,,
2015-12-27,,,,,
2015-12-28,,,,,
2015-12-29,,,,,
2015-12-30,,,,,
2015-12-31,,,,,
2016-01-01,,,,,
2016-01-02,,,,,
2016-01-03,,,,,
2016-01-04,,,,,
2016-01-05,,,,,
2016-01-06,,,,,
2016-01-07,,,,,
2016-01-08,,,,,
2016-01-09,,,,,
2016-01-10,,,,,
2016-01-11,,,,,
2016-01-12,,,,,
2016-01-13,,,,,
2016-01-14,,,,,
2016-01-15,,,,,
2016-01-16,,,,,
2016-01-17,,,,,
2016-01-18,,,,,
2016-01-19,,,,,
2016-01-20,,,,,
2016-01-21,,,,,
2016-01-22,,,,,
2016-01-23,,,,,
2016-01-24,,,,,
2016-01-25,,,,,
2016-01-26,,,,,
2016-01-27,,,,,
2016-01-28,,,,,
2016-01-29,,,,,
2016-01-30,,,,,
2016-01-31,,,,,
2016-02-01,,,,,
2016-02-02,,,,,
2016-02-03,,,,,
2016-02-04,,,,,
2016-02-05,,,,,
2016-02-06,,,,,
2016-02-07,,,,,
2016-02-08,,,,,
2016-02-09,,,,,
2016-02-10,,,,,
2016-02-11,,,,,
2016-02-12,,,,,
2016-02-13,,,,,
2016-02-14,,,,,
2016-02-15,,,,,
2016-02-16,,,,,
2016-02-17,,,,,
2016-02-18,,,,,
2016-02-19,,,,,
2016-02-20,,,,,
2016-02-21,,,,,
2016-02-22,,,,,
2016-02-23,,,,,
2016-02-24,,,,,
2016-02-25,,,,,
2016-02-26,,,,,
2016-02-27,,,,,
2016-02-28,,,,,
2016-02-29,,,,,
2016-03-01,,,,,
2016-03-02,,,,,
2016-03-03,,,,,
2016-03-04,,,,,
2016-03-05,,,,,
2016-03-06,,,,,
2016-03-07,,,,,
2016-03-08,,,,,
2016-03-09,,,,,
2016-03-10,,,,,
2016-03-11,,,,,
2016-03-12,,,,,
2016-03-13,,,,,
2016-03-14,,,,,
2016-03-15,,,,,
2016-03-16,,,,,
2016-03-17,,,,,
2016-03-18,,,,,
2016-03-19,,,,,
2016-03-20,,,,,
2016-03-21,,,,,
2016-03-22,,,,,
2016-03-23,,,,,
2016-03-24,,,,,
2016-03-25,,,,,
2016-03-26,,,,,
2016-03-27,,,,,
2016-03-28,,,,,
2016-03-29,,,,,
2016-03-30,,,,,
2016-03-31,,,,,
2016-04-01,,,,,
2016-04-02,,,,,
2016-04-03,,,,,
2016-04-04,,,,,
2016-04-05,,,,,
2016-04-06,,,,,
2016-04-07,,,,,
2016-04-08,,,,,
2016-04-09,,,,,
2016-04-10,,,,,
2016-04-11,,,,,
2016-04-12,,,,,
2016-04-13,,,,,
2016-04-14,,,,,
2016-04-15,,,,,
2016-04-16,,,,,
2016-04-17,,,,,
2016-04-18,,,,,
2016-04-19,,,,,
2016-04-20,,,,,
2016-04-21,,,,,
2016-04-22,,,,,
2016-04-23,,,,,
2016-04-24,,,,,
2016-04-25,,,,,
2016-04-26,,,,,
2016-04-27,,,,,
2016-04-28,,,,,
2016-04-29,,,,,
2016-04-30,,,,,
2016-05-01,,,,,
2016-05-02,,,,,
2016-05-03,,,,,
2016-05-04,,,,,
2016-05-05,,,,,
2016-05-06,,,,,
2016-05-07,,,,,
2016-05-08,,,,,
2016-05-09,,,,,
2016-05-10,,,,,
2016-05-11,,,,,
2016-05-12,,,,,
2016-05-13,,,,,
2016-05-14,,,,,
2016-05-15,,,,,
2016-05-16,,,,,
2016-05-17,,,,,
2016-05-18,,,,,
2016-05-19,,,,,
2016-05-20,,,,,
2016-05-21,,,,,
2016-05-22,,,,,
2016-05-23,,,,,
2016-05-24,,,,,
2016-05-25,,,,,
2016-05-26,,,,,
2016-05-27,,,,,
2016-05-28,,,,,
2016-05-29,,,,,
2016-05-30,,,,,
2016-05-31,,,,,
2016-06-01,,,,,
2016-06-02,,,,,
2016-06-03,,,,,
2016-06-04,,,,,
2016-06-05,,,,,
2016-06-06,,,,,
2016-06-07,,,,,
2016-06-08,,,,,
2016-06-09,,,,,
2016-06-10,,,,,
2016-06-11,,,,,
2016-06-12,,,,,
2016-06-13,,,,,
2016-06-14,,,,,
2016-06-15,,,,,
2016-06-16,,,,,
2016-06-17,,,,,
2016-06-18,,,,,
2016-06-19,,,,,
2016-06-20,,,,,
2016-06-21,,,,,
2016-06-22,,,,,
2016-06-23,,,,,
2016-06-24,,,,,
2016-06-25,,,,,
2016-06-26,,,,,
2016-06-27,,,,,
2016-06-28,,,,,
2016-06-29,,,,,
2016-06-30,,,,,
2016-07-01,,,,,
2016-07-02,,,,,
2016-07-03,,,,,
2016-07-04,,,,,
2016-07-05,,,,,
2016-07-06,,,,,
2016-07-07,,,,,
2016-07-08,,,,,
2016-07-09,,,,,
2016-07-10,,,,,
2016-07-11,,,,,
2016-07-12,,,,,
2016-07-13,,,,,
2016-07-14,,,,,
2016-07-15,,,,,
2016-07-16,,,,,
2016-07-17,,,,,
2016-07-18,,,,,
2016-07-19,,,,,
2016-07-20,,,,,
2016-07-21,,,,,
2016-07-22,,,,,
2016-07-23,,,,,
2016-07-24,,,,,
2016-07-25,,,,,
2016-07-26,,,,,
2016-07-27,,,,,
2016-07-28,,,,,
2016-07-29,,,,,
2016-07-30,,,,,
2016-07-31,,,,,
2016-08-01,,,,,
2016-08-02,,,,,
2016-08-03,,,,,
2016-08-04,,,,,
2016-08-05,,,,,
2016-08-06,,,,,
2016-08-07,,,,,
2016-08-08,,,,,
2016-08-09,,,,,
2016-08-10,,,,,
2016-08-11,,,,,
2016-08-12,,,,,
2016-08-13,,,,,
2016-08-14,,,,,
2016-08-15,,,,,
2016-08-16,,,,,
2016-08-17,,,,,
2016-08-18,,,,,
2016-08-19,,,,,
2016-08-20,,,,,
2016-08-21,,,,,
2016-08-22,,,,,
2016-08-23,,,,,
2016-08-24,,,,,
2016-08-25,,,,,
2016-08-26,,,,,
2016-08-27,,,,,
2016-08-28,,,,,
2016-08-29,,,,,
2016-08-30,,,,,
2016-08-31,,,,,
2016-09-01,,,,,
2016-09-02,,,,,
2016-09-03,,,,,
2016-09-04,,,,,
2016-09-05,,,,,
2016-09-06,,,,,
2016-09-07,,,,,
2016-09-08,,,,,
2016-09-09,,,,,
2016-09-10,,,,,
2016-09-11,,,,,
2016-09-12,,,,,
2016-09-13,,,,,
2016-09-14,,,,,
2016-09-15,,,,,
2016-09-16,,,,,
2016-09-17,,,,,
2016-09-18,,,,,
2016-09-19,,,,,
2016-09-20,,,,,
2016-09-21,,,,,
2016-09-22,,,,,
2016-09-23,,,,,
2016-09-24,,,,,
2016-09-25,,,,,
2016-09-26,,,,,
2016-09-27,,,,,
2016-09-28,,,,,
2016-09-29,,,,,
2016-09-30,,,,,
2016-10-01,,,,,
2016-10-02,,,,,
2016-10-03,,,,,
2016-10-04,,,,,
2016-10-05,,,,,
2016-10-06,,,,,
2016-10-07,,,,,
2016-10-08,,,,,
2016-10-09,,,,,
2016-10-10,,,,,
2016-10-11,,,,,
2016-10-12,,,,,
2016-10-13,,,,,
2016-10-14,,,,,
2016-10-15,,,,,
2016-10-16,,,,,
2016-10-17,,,,,
2016-10-18,,,,,
2016-10-19,,,,,
2016-10-20,,,,,
2016-10-21,,,,,
2016-10-22,,,,,
2016-10-23,,,,,
2016-10-24,,,,,
2016-10-25,,,,,
2016-10-26,,,,,
2016-10-27,,,,,
2016-10-28,,,,,
2016-10-29,,,,,
2016-10-30,,,,,
2016-10-31,,,,,
2016-11-01,,,,,
2016-11-02,,,,,
2016-11-03,,,,,
2016-11-04,,,,,
2016-11-05,,,,,
2016-11-06,,,,,
2016-11-07,,,,,
2016-11-08,,,,,
2016-11-09,,,,,
2016-11-10,,,,,
2016-11-11,,,,,
2016-11-12,,,,,
2016-11-13,,,,,
2016-11-14,,,,,
2016-11-15,,,,,
2016-11-16,,,,,
2016-11-17,,,,,
2016-11-18,,,,,
2016-11-19,,,,,
2016-11-20,,,,,
2016-11-21,,,,,
2016-11-22,,,,,
2016-11-23,,,,,
2016-11-24,,,,,
2016-11-25,,,,,
2016-11-26,,,,,
2016-11-27,,,,,
2016-11-28,,,,,
2016-11-29,,,,,
2016-11-30,,,,,
2016-12-01,,,,,
2016-12-02,,,,,
2016-12-03,,,,,
2016-12-04,,,,,
2016-12-05,,,,,
2016-12-06,,,,,
2016-12-07,,,,,
2016-12-08,,,,,
2016-12-09,,,,,
2016-12-10,,,,,
2016-12-11,,,,,
2016-12-12,,,,,
2016-12-13,,,,,
2016-12-14,,,,,
2016-12-15,,,,,
2016-12-16,,,,,
2016-12-17,,,,,
2016-12-18,,,,,
2016-12-19,,,,,
2016-12-20,,,,,
2016-12-21,,,,,
2016-12-22,,,,,
2016-12-23,,,,,
2016-12-24,,,,,
2016-12-25,,,,,
2016-12-26,,,,,
2016-12-27,,,,,
2016-12-28,,,,,
2016-12-29,,,,,
2016-12-30,,,,,
2016-12-31,,,,,
2017-01-01,,,,,
2017-01-02,,,,,
2017-01-03,,,,,
2017-01-04,,,,,
2017-01-05,,,,,
2017-01-06,,,,,
2017-01-07,,,,,
2017-01-08,,,,,
2017-01-09,,,,,
2017-01-10,,,,,
2017-01-11,,,,,
2017-01-12,,,,,
2017-01-13,,,,,
2017-01-14,,,,,
2017-01-15,,,,,
2017-01-16,,,,,
2017-01-17,,,,,
2017-01-18,,,,,
2017-01-19,,,,,
2017-01-20,,,,,
2017-01-21,,,,,
2017-01-22,,,,,
2017-01-23,,,,,
2017-01-24,,,,,
2017-01-25,,,,,
2017-01-26,,,,,
2017-01-27,,,,,
2017-01-28,,,,,
2017-01-29,,,,,
2017-01-30,,,,,
2017-01-31,,,,,
2017-02-01,,,,,
2017-02-02,,,,,
2017-02-03,,,,,
2017-02-04,,,,,
2017-02-05,,,,,
2017-02-06,,,,,
2017-02-07,,,,,
2017-02-08,,,,,
2017-02-09,,,,,
2017-02-10,,,,,
2017-02-11,,,,,
2017-02-12,,,,,
2017-02-13,,,,,
2017-02-14,,,,,
2017-02-15,,,,,
2017-02-16,,,,,
2017-02-17,,,,,
2017-02-18,,,,,
2017-02-19,,,,,
2017-02-20,,,,,
2017-02-21,,,,,
2017-02-22,,,,,
2017-02-23,,,,,
2017-02-24,,,,,
2017-02-25,,,,,
2017-02-26,,,,,
2017-02-27,,,,,
2017-02-28,,,,,
2017-03-01,,,,,
2017-03-02,,,,,
2017-03-03,,,,,
2017-03-04,,,,,
2017-03-05,,,,,
2017-03-06,,,,,
2017-03-07,,,,,
2017-03-08,,,,,
2017-03-09,,,,,
2017-03-10,,,,,
2017-03-11,,,,,
2017-03-12,,,,,
2017-03-13,,,,,
2017-03-14,,,,,
2017-03-15,,,,,
2017-03-16,,,,,
2017-03-17,,,,,
2017-03-18,,,,,
2017-03-19,,,,,
2017-03-20,,,,,
2017-03-21,,,,,
2017-03-22,,,,,
2017-03-23,,,,,
2017-03-24,,,,,
2017-03-25,,,,,
2017-03-26,,,,,
2017-03-27,,,,,
2017-03-28,,,,,
2017-03-29,,,,,
2017-03-30,,,,,
2017-03-31,,,,,
2017-04-01,,,,,
2017-04-02,,,,,
2017-04-03,,,,,
2017-04-04,,,,,
2017-04-05,,,,,
2017-04-06,,,,,
2017-04-07,,,,,
2017-04-08,,,,,
2017-04-09,,,,,
2017-04-10,,,,,
2017-04-11,,,,,
2017-04-12,,,,,
2017-04-13,,,,,
2017-04-14,,,,,
2017-04-15,,,,,
2017-04-16,,,,,
2017-04-17,,,,,
2017-04-18,,,,,
2017-04-19,,,,,
2017-04-20,,,,,
2017-04-21,,,,,
2017-04-22,,,,,
2017-04-23,,,,,
2017-04-24,,,,,
2017-04-25,,,,,
2017-04-26,,,,,
2017-04-27,,,,,
2017-04-28,,,,,
2017-04-29,,,,,
2017-04-30,,,,,
2017-05-01,,,,,
2017-05-02,,,,,
2017-05-03,,,,,
2017-05-04,,,,,
2017-05-05,,,,,
2017-05-06,,,,,
2017-05-07,,,,,
2017-05-08,,,,,
2017-05-09,,,,,
2017-05-10,,,,,
2017-05-11,,,,,
2017-05-12,,,,,
2017-05-13,,,,,
2017-05-14,,,,,
2017-05-15,,,,,
2017-05-16,,,,,
2017-05-17,,,,,
2017-05-18,,,,,
2017-05-19,,,,,
2017-05-20,,,,,
2017-05-21,,,,,
2017-05-22,,,,,
2017-05-23,,,,,
2017-05-24,,,,,
2017-05-25,,,,,
2017-05-26,,,,,
2017-05-27,,,,,
2017-05-28,,,,,
2017-05-29,,,,,
2017-05-30,,,,,
2017-05-31,,,,,
2017-06-01,,,,,
2017-06-02,,,,,
2017-06-03,,,,,
2017-06-04,,,,,
2017-06-05,,,,,
2017-06-06,,,,,
2017-06-07,,,,,
2017-06-08,,,,,
2017-06-09,,,,,
2017-06-10,,,,,
2017-06-11,,,,,
2017-06-12,,,,,
2017-06-13,,,,,
2017-06-14,,,,,
2017-06-15,,,,,
2017-06-16,,,,,
2017-06-17,,,,,
2017-06-18,,,,,
2017-06-19,,,,,
2017-06-20,,,,,
2017-06-21,,,,,
2017-06-22,,,,,
2017-06-23,,,,,
2017-06-24,,,,,
2017-06-25,,,,,
2017-06-26,,,,,
2017-06-27,,,,,
2017-06-28,,,,,
2017-06-29,,,,,
2017-06-30,,,,,
2017-07-01,,,,,
2017-07-02,,,,,
2017-07-03,,,,,
2017-07-04,,,,,
2017-07-05,,,,,
2017-07-06,,,,,
2017-07-07,,,,,
2017-07-08,,,,,
2017-07-09,,,,,
2017-07-10,,,,,
2017-07-11,,,,,
2017-07-12,,,,,
2017-07-13,,,,,
2017-07-14,,,,,
2017-07-15,,,,,
2017-07-16,,,,,
2017-07-17,,,,,
2017-07-18,,,,,
2017-07-19,,,,,
2017-07-20,,,,,
2017-07-21,,,,,
2017-07-22,,,,,
2017-07-23,,,,,
2017-07-24,,,,,
2017-07-25,,,,,
2017-07-26,,,,,
2017-07-27,,,,,
2017-07-28,,,,,
2017-07-29,,,,,
2017-07-30,,,,,
2017-07-31,,,,,
2017-08-01,,,,,
2017-08-02,,,,,
2017-08-03,,,,,
2017-08-04,,,,,
2017-08-05,,,,,
2017-08-06,,,,,
2017-08-07,,,,,
2017-08-08,,,,,
2017-08-09,,,,,
2017-08-10,,,,,
2017-08-11,,,,,
2017-08-12,,,,,
2017-08-13,,,,,
2017-08-14,,,,,
2017-08-15,,,,,
2017-08-16,,,,,
2017-08-17,,,,,
2017-08-18,,,,,
2017-08-19,,,,,
2017-08-20,,,,,
2017-08-21,,,,,
2017-08-22,,,,,
2017-08-23,,,,,
2017-08-24,,,,,
2017-08-25,,,,,
2017-08-26,,,,,
2017-08-27,,,,,
2017-08-28,,,,,
2017-08-29,,,,,
2017-08-30,,,,,
2017-08-31,,,,,
2017-09-01,,,,,
2017-09-02,,,,,
2017-09-03,,,,,
2017-09-04,,,,,
2017-09-05,,,,,
2017-09-06,,,,,
2017-09-07,,,,,
2017-09-08,,,,,
2017-09-09,,,,,
2017-09-10,,,,,
2017-09-11,,,,,
2017-09-12,,,,,
2017-09-13,,,,,
2017-09-14,,,,,
2017-09-15,,,,,
2017-09-16,,,,,
2017-09-17,,,,,
2017-09-18,,,,,
2017-09-19,,,,,
2017-09-20,,,,,
2017-09-21,,,,,
2017-09-22,,,,,
2017-09-23,,,,,
2017-09-24,,,,,
2017-09-25,,,,,
2017-09-26,,,,,
2017-09-27,,,,,
2017-09-28,,,,,
2017-09-29,,,,,
2017-09-30,,,,,
2017-10-01,,,,,
2017-10-02,,,,,
2017-10-03,,,,,
2017-10-04,,,,,
2017-10-05,,,,,
2017-10-06,,,,,
2017-10-07,,,,,
2017-10-08,,,,,
2017-10-09,,,,,
2017-10-10,,,,,
2017-10-11,,,,,
2017-10-12,,,,,
2017-10-13,,,,,
2017-10-14,,,,,
2017-10-15,,,,,
2017-10-16,,,,,
2017-10-17,,,,,
2017-10-18,,,,,
2017-10-19,,,,,
2017-10-20,,,,,
2017-10-21,,,,,
2017-10-22,,,,,
2017-10-23,,,,,
2017-10-24,,,,,
2017-10-25,,,,,
2017-10-26,,,,,
2017-10-27,,,,,
2017-10-28,,,,,
2017-10-29,,,,,
2017-10-30,,,,,
2017-10-31,,,,,
2017-11-01,,,,,
2017-11-02,,,,,
2017-11-03,,,,,
2017-11-04,,,,,
2017-11-05,,,,,
2017-11-06,,,,,
2017-11-07,,,,,
2017-11-08,,,,,
2017-11-09,,,,,
2017-11-10,,,,,
2017-11-11,,,,,
2017-11-12,,,,,
2017-11-13,,,,,
2017-11-14,,,,,
2017-11-15,,,,,
2017-11-16,,,,,
2017-11-17,,,,,
2017-11-18,,,,,
2017-11-19,,,,,
2017-11-20,,,,,
2017-11-21,,,,,
2017-11-22,,,,,
2017-11-23,,,,,
2017-11-24,,,,,
2017-11-25,,,,,
2017-11-26,,,,,
2017-11-27,,,,,
2017-11-28,,,,,
2017-11-29,,,,,
2017-11-30,,,,,
2017-12-01,,,,,
2017-12-02,,,,,
2017-12-03,,,,,
2017-12-04,,,,,
2017-12-05,,,,,
2017-12-06,,,,,
2017-12-07,,,,,
2017-12-08,,,,,
2017-12-09,,,,,
2017-12-10,,,,,
2017-12-11,,,,,
2017-12-12,,,,,
2017-12-13,,,,,
2017-12-14,,,,,
2017-12-15,,,,,
2017-12-16,,,,,
2017-12-17,,,,,
2017-12-18,,,,,
2017-12-19,,,,,
2017-12-20,,,,,
2017-12-21,,,,,
2017-12-22,,,,,
2017-12-23,,,,,
2017-12-24,,,,,
2017-12-25,,,,,
2017-12-26,,,,,
2017-12-27,,,,,
2017-12-28,,,,,
2017-12-29,,,,,
2017-12-30,,,,,
2017-12-31,,,,,
2018-01-01,,,,,
2018-01-02,,,,,
2018-01-03,,,,,
2018-01-04,,,,,
2018-01-05,,,,,
2018-01-06,,,,,
2018-01-07,,,,,
2018-01-08,,,,,
2018-01-09,,,,,
2018-01-10,,,,,
2018-01-11,,,,,
2018-01-12,,,,,
2018-01-13,,,,,
2018-01-14,,,,,
2018-01-15,,,,,
2018-01-16,,,,,
2018-01-17,,,,,
2018-01-18,,,,,
2018-01-19,,,,,
2018-01-20,,,,,
2018-01-21,,,,,
2018-01-22,,,,,
2018-01-23,,,,,
2018-01-24,,,,,
2018-01-25,,,,,
2018-01-26,,,,,
2018-01-27,,,,,
2018-01-28,,,,,
2018-01-29,,,,,
2018-01-30,,,,,
2018-01-31,,,,,
2018-02-01,,,,,
2018-02-02,,,,,
2018-02-03,,,,,
2018-02-04,,,,,
2018-02-05,,,,,
2018-02-06,,,,,
2018-02-07,,,,,
2018-02-08,,,,,
2018-02-09,,,,,
2018-02-10,,,,,
2018-02-11,,,,,
2018-02-12,,,,,
2018-02-13,,,,,
2018-02-14,,,,,
2018-02-15,,,,,
2018-02-16,,,,,
2018-02-17,,,,,
2018-02-18,,,,,
2018-02-19,,,,,
2018-02-20,,,,,
2018-02-21,,,,,
2018-02-22,,,,,
2018-02-23,,,,,
2018-02-24,,,,,
2018-02-25,,,,,
2018-02-26,,,,,
2018-02-27,,,,,
2018-02-28,,,,,
2018-03-01,,,,,
2018-03-02,,,,,
2018-03-03,,,,,
2018-03-04,,,,,
2018-03-05,,,,,
2018-03-06,,,,,
2018-03-07,,,,,
2018-03-08,,,,,
2018-03-09,,,,,
2018-03-10,,,,,
2018-03-11,,,,,
2018-03-12,,,,,
2018-03-13,,,,,
2018-03-14,,,,,
2018-03-15,,,,,
2018-03-16,,,,,
2018-03-17,,,,,
2018-03-18,,,,,
2018-03-19,,,,,
2018-03-20,,,,,
2018-03-21,,,,,
2018-03-22,,,,,
2018-03-23,,,,,
2018-03-24,,,,,
2018-03-25,,,,,
2018-03-26,,,,,
2018-03-27,,,,,
2018-03-28,,,,,
2018-03-29,,,,,
2018-03-30,,,,,
2018-03-31,,,,,
2018-04-01,,,,,
2018-04-02,,,,,
2018-04-03,,,,,
2018-04-04,,,,,
2018-04-05,,,,,
2018-04-06,,,,,
2018-04-07,,,,,
2018-04-08,,,,,
2018-04-09,,,,,
2018-04-10,,,,,
2018-04-11,,,,,
2018-04-12,,,,,
2018-04-13,,,,,
2018-04-14,,,,,
2018-04-15,,,,,
2018-04-16,,,,,
2018-04-17,,,,,
2018-04-18,,,,,
2018-04-19,,,,,
2018-04-20,,,,,
2018-04-21,,,,,
2018-04-22,,,,,
2018-04-23,,,,,
2018-04-24,,,,,
2018-04-25,,,,,
2018-04-26,,,,,
2018-04-27,,,,,
2018-04-28,,,,,
2018-04-29,,,,,
2018-04-30,,,,,
2018-05-01,,,,,
2018-05-02,,,,,
2018-05-03,,,,,
2018-05-04,,,,,
2018-05-05,,,,,
2018-05-06,,,,,
2018-05-07,,,,,
2018-05-08,,,,,
2018-05-09,,,,,
2018-05-10,,,,,
2018-05-11,,,,,
2018-05-12,,,,,
2018-05-13,,,,,
2018-05-14,,,,,
2018-05-15,,,,,
2018-05-16,,,,,
2018-05-17,,,,,
2018-05-18,,,,,
2018-05-19,,,,,
2018-05-20,,,,,
2018-05-21,,,,,
2018-05-22,,,,,
2018-05-23,,,,,
2018-05-24,,,,,
2018-05-25,,,,,
2018-05-26,,,,,
2018-05-27,,,,,
2018-05-28,,,,,
2018-05-29,,,,,
2018-05-30,,,,,
2018-05-31,,,,,
2018-06-01,,,,,
2018-06-02,,,,,
2018-06-03,,,,,
2018-06-04,,,,,
2018-06-05,,,,,
2018-06-06,,,,,
2018-06-07,,,,,
2018-06-08,,,,,
2018-06-09,,,,,
2018-06-10,,,,,
2018-06-11,,,,,
2018-06-12,,,,,
2018-06-13,,,,,
2018-06-14,,,,,
2018-06-15,,,,,
2018-06-16,,,,,
2018-06-17,,,,,
2018-06-18,,,,,
2018-06-19,,,,,
2018-06-20,,,,,
2018-06-21,,,,,
2018-06-22,,,,,
2018-06-23,,,,,
2018-06-24,,,,,
2018-06-25,,,,,
2018-06-26,,,,,
2018-06-27,,,,,
2018-06-28,,,,,
2018-06-29,,,,,
2018-06-30,,,,,
2018-07-01,,,,,
2018-07-02,,,,,
2018-07-03,,,,,
2018-07-04,,,,,
2018-07-05,,,,,
2018-07-06,,,,,
2018-07-07,,,,,
2018-07-08,,,,,
2018-07-09,,,,,
2018-07-10,,,,,
2018-07-11,,,,,
2018-07-12,,,,,
2018-07-13,,,,,
2018-07-14,,,,,
2018-07-15,,,,,
2018-07-16,,,,,
2018-07-17,,,,,
2018-07-18,,,,,
2018-07-19,,,,,
2018-07-20,,,,,
2018-07-21,,,,,
2018-07-22,,,,,
2018-07-23,,,,,
2018-07-24,,,,,
2018-07-25,,,,,
2018-07-26,,,,,
2018-07-27,,,,,
2018-07-28,,,,,
2018-07-29,,,,,
2018-07-30,,,,,
2018-07-31,,,,,
2018-08-01,,,,,
2018-08-02,,,,,
2018-08-03,,,,,
2018-08-04,,,,,
2018-08-05,,,,,
2018-08-06,,,,,
2018-08-07,,,,,
2018-08-08,,,,,
2018-08-09,,,,,
2018-08-10,,,,,
2018-08-11,,,,,
2018-08-12,,,,,
2018-08-13,,,,,
2018-08-14,,,,,
2018-08-15,,,,,
2018-08-16,,,,,
2018-08-17,,,,,
2018-08-18,,,,,
2018-08-19,,,,,
2018-08-20,,,,,
2018-08-21,,,,,
2018-08-22,,,,,
2018-08-23,,,,,
2018-08-24,,,,,
2018-08-25,,,,,
2018-08-26,,,,,
2018-08-27,,,,,
2018-08-28,,,,,
2018-08-29,,,,,
2018-08-30,,,,,
2018-08-31,,,,,
2018-09-01,,,,,
2018-09-02,,,,,
2018-09-03,,,,,
2018-09-04,,,,,
2018-09-05,,,,,
2018-09-06,,,,,
2018-09-07,,,,,
2018-09-08,,,,,
2018-09-09,,,,,
2018-09-10,,,,,
2018-09-11,,,,,
2018-09-12,,,,,
2018-09-13,,,,,
2018-09-14,,,,,
2018-09-15,,,,,
2018-09-16,,,,,
2018-09-17,,,,,
2018-09-18,,,,,
2018-09-19,,,,,
2018-09-20,,,,,
2018-09-21,,,,,
2018-09-22,,,,,
2018-09-23,,,,,
2018-09-24,,,,,
2018-09-25,,,,,
2018-09-26,,,,,
2018-09-27,,,,,
2018-09-28,,,,,
2018-09-29,,,,,
2018-09-30,,,,,
2018-10-01,,,,,
2018-10-02,,,,,
2018-10-03,,,,,
2018-10-04,,,,,
2018-10-05,,,,,
2018-10-06,,,,,
2018-10-07,,,,,
2018-10-08,,,,,
2018-10-09,,,,,
2018-10-10,,,,,
2018-10-11,,,,,
2018-10-12,,,,,
2018-10-13,,,,,
2018-10-14,,,,,
2018-10-15,,,,,
2018-10-16,,,,,
2018-10-17,,,,,
2018-10-18,,,,,
2018-10-19,,,,,
2018-10-20,,,,,
2018-10-21,,,,,
2018-10-22,,,,,
2018-10-23,,,,,
2018-10-24,,,,,
2018-10-25,,,,,
2018-10-26,,,,,
2018-10-27,,,,,
2018-10-28,,,,,
2018-10-29,,,,,
2018-10-30,,,,,
2018-10-31,,,,,
2018-11-01,,,,,
2018-11-02,,,,,
2018-11-03,,,,,
2018-11-04,,,,,
2018-11-05,,,,,
2018-11-06,,,,,
2018-11-07,,,,,
2018-11-08,,,,,
2018-11-09,,,,,
2018-11-10,,,,,
2018-11-11,,,,,
2018-11-12,,,,,
2018-11-13,,,,,
2018-11-14,,,,,
2018-11-15,,,,,
2018-11-16,,,,,
2018-11-17,,,,,
2018-11-18,,,,,
2018-11-19,,,,,
2018-11-20,,,,,
2018-11-21,,,,,
2018-11-22,,,,,
2018-11-23,,,,,
2018-11-24,,,,,
2018-11-25,,,,,
2018-11-26,,,,,
2018-11-27,,,,,
2018-11-28,,,,,
2018-11-29,,,,,
2018-11-30,,,,,
2018-12-01,,,,,
2018-12-02,,,,,
2018-12-03,,,,,
2018-12-04,,,,,
2018-12-05,,,,,
2018-12-06,,,,,
2018-12-07,,,,,
2018-12-08,,,,,
2018-12-09,,,,,
2018-12-10,,,,,
2018-12-11,,,,,
2018-12-12,,,,,
2018-12-13,,,,,
2018-12-14,,,,,
2018-12-15,,,,,
2018-12-16,,,,,
2018-12-17,,,,,
2018-12-18,,,,,
2018-12-19,,,,,
2018-12-20,,,,,
2018-12-21,,,,,
2018-12-22,,,,,
2018-12-23,,,,,
2018-12-24,,,,,
2018-12-25,,,,,
2018-12-26,,,,,
2018-12-27,,,,,
2018-12-28,,,,,
2018-12-29,,,,,
2018-12-30,,,,,
2018-12-31,,,,,
2019-01-01,,,,,
2019-01-02,,,,,
2019-01-03,,,,,
2019-01-04,,,,,
2019-01-05,,,,,
2019-01-06,,,,,
2019-01-07,,,,,
2019-01-08,,,,,
2019-01-09,,,,,
2019-01-10,,,,,
2019-01-11,,,,,
2019-01-12,,,,,
2019-01-13,,,,,
2019-01-14,,,,,
2019-01-15,,,,,
2019-01-16,,,,,
2019-01-17,,,,,
2019-01-18,,,,,
2019-01-19,,,,,
2019-01-20,,,,,
2019-01-21,,,,,
2019-01-22,,,,,
2019-01-23,,,,,
2019-01-24,,,,,
2019-01-25,,,,,
2019-01-26,,,,,
2019-01-27,,,,,
2019-01-28,,,,,
2019-01-29,,,,,
2019-01-30,,,,,
2019-01-31,,,,,
2019-02-01,,,,,
2019-02-02,,,,,
2019-02-03,,,,,
2019-02-04,,,,,
2019-02-05,,,,,
2019-02-06,,,,,
2019-02-07,,,,,
2019-02-08,,,,,
2019-02-09,,,,,
2019-02-10,,,,,
2019-02-11,,,,,
2019-02-12,,,,,
2019-02-13,,,,,
2019-02-14,,,,,
2019-02-15,,,,,
2019-02-16,,,,,
2019-02-17,,,,,
2019-02-18,,,,,
2019-02-19,,,,,
2019-02-20,,,,,
2019-02-21,,,,,
2019-02-22,,,,,
2019-02-23,,,,,
2019-02-24,,,,,
2019-02-25,,,,,
2019-02-26,,,,,
2019-02-27,,,,,
2019-02-28,,,,,
2019-03-01,,,,,
2019-03-02,,,,,
2019-03-03,,,,,
2019-03-04,,,,,
2019-03-05,,,,,
2019-03-06,,,,,
2019-03-07,,,,,
2019-03-08,,,,,
2019-03-09,,,,,
2019-03-10,,,,,
2019-03-11,,,,,
2019-03-12,,,,,
2019-03-13,,,,,
2019-03-14,,,,,
2019-03-15,,,,,
2019-03-16,,,,,
2019-03-17,,,,,
2019-03-18,,,,,
2019-03-19,,,,,
2019-03-20,,,,,
2019-03-21,,,,,
2019-03-22,,,,,
2019-03-23,,,,,
2019-03-24,,,,,
2019-03-25,,,,,
2019-03-26,,,,,
2019-03-27,,,,,
2019-03-28,,,,,
2019-03-29,,,,,
2019-03-30,,,,,
2019-03-31,,,,,
2019-04-01,,,,,
2019-04-02,,,,,
2019-04-03,,,,,
2019-04-04,,,,,
2019-04-05,,,,,
2019-04-06,,,,,
2019-04-07,,,,,
2019-04-08,,,,,
2019-04-09,,,,,
2019-04-10,,,,,
2019-04-11,,,,,
2019-04-12,,,,,
2019-04-13,,,,,
2019-04-14,,,,,
2019-04-15,,,,,
2019-04-16,,,,,
2019-04-17,,,,,
2019-04-18,,,,,
2019-04-19,,,,,
2019-04-20,,,,,
2019-04-21,,,,,
2019-04-22,,,,,
2019-04-23,,,,,
2019-04-24,,,,,
2019-04-25,,,,,
2019-04-26,,,,,
2019-04-27,,,,,
2019-04-28,,,,,
2019-04-29,,,,,
2019-04-30,,,,,
2019-05-01,,,,,
2019-05-02,,,,,
2019-05-03,,,,,
2019-05-04,,,,,
2019-05-05,,,,,
2019-05-06,,,,,
2019-05-07,,,,,
2019-05-08,,,,,
2019-05-09,,,,,
2019-05-10,,,,,
2019-05-11,,,,,
2019-05-12,,,,,
2019-05-13,,,,,
2019-05-14,,,,,
2019-05-15,,,,,
2019-05-16,,,,,
2019-05-17,,,,,
2019-05-18,,,,,
2019-05-19,,,,,
2019-05-20,,,,,
2019-05-21,,,,,
2019-05-22,,,,,
2019-05-23,,,,,
2019-05-24,,,,,
2019-05-25,,,,,
2019-05-26,,,,,
2019-05-27,,,,,
2019-05-28,,,,,
2019-05-29,,,,,
2019-05-30,,,,,
2019-05-31,,,,,
2019-06-01,,,,,
2019-06-02,,,,,
2019-06-03,,,,,
2019-06-04,,,,,
2019-06-05,,,,,
2019-06-06,,,,,
2019-06-07,,,,,
2019-06-08,,,,,
2019-06-09,,,,,
2019-06-10,,,,,
2019-06-11,,,,,
2019-06-12,,,,,
2019-06-13,,,,,
2019-06-14,,,,,
2019-06-15,,,,,
2019-06-16,,,,,
2019-06-17,,,,,
2019-06-18,,,,,
2019-06-19,,,,,
2019-06-20,,,,,
2019-06-21,,,,,
2019-06-22,,,,,
2019-06-23,,,,,
2019-06-24,,,,,
2019-06-25,,,,,
2019-06-26,,,,,
2019-06-27,,,,,
2019-06-28,,,,,
2019-06-29,,,,,
2019-06-30,,,,,
2019-07-01,,,,,
2019-07-02,,,,,
2019-07-03,,,,,
2019-07-04,,,,,
2019-07-05,,,,,
2019-07-06,,,,,
2019-07-07,,,,,
2019-07-08,,,,,
2019-07-09,,,,,
2019-07-10,,,,,
2019-07-11,,,,,
2019-07-12,,,,,
2019-07-13,,,,,
2019-07-14,,,,,
2019-07-15,,,,,
2019-07-16,,,,,
2019-07-17,,,,,
2019-07-18,,,,,
2019-07-19,,,,,
2019-07-20,,,,,
2019-07-21,,,,,
2019-07-22,,,,,
2019-07-23,,,,,
2019-07-24,,,,,
2019-07-25,,,,,
2019-07-26,,,,,
2019-07-27,,,,,
2019-07-28,,,,,
2019-07-29,,,,,
2019-07-30,,,,,
2019-07-31,,,,,
2019-08-01,,,,,
2019-08-02,,,,,
2019-08-03,,,,,
2019-08-04,,,,,
2019-08-05,,,,,
2019-08-06,,,,,
2019-08-07,,,,,
2019-08-08,,,,,
2019-08-09,,,,,
2019-08-10,,,,,
2019-08-11,,,,,
2019-08-12,,,,,
2019-08-13,,,,,
2019-08-14,,,,,
2019-08-15,,,,,
2019-08-16,,,,,
2019-08-17,,,,,
2019-08-18,,,,,
2019-08-19,,,,,
2019-08-20,,,,,
2019-08-21,,,,,
2019-08-22,,,,,
2019-08-23,,,,,
2019-08-24,,,,,
2019-08-25,,,,,
2019-08-26,,,,,
2019-08-27,,,,,
2019-08-28,,,,,
2019-08-29,,,,,
2019-08-30,,,,,
2019-08-31,,,,,
2019-09-01,,,,,
2019-09-02,,,,,
2019-09-03,,,,,
2019-09-04,,,,,
2019-09-05,,,,,
2019-09-06,,,,,
2019-09-07,,,,,
2019-09-08,,,,,
2019-09-09,,,,,
2019-09-10,,,,,
2019-09-11,,,,,
2019-09-12,,,,,
2019-09-13,,,,,
2019-09-14,,,,,
2019-09-15,,,,,
2019-09-16,,,,,
2019-09-17,,,,,
2019-09-18,,,,,
2019-09-19,,,,,
2019-09-20,,,,,
2019-09-21,,,,,
2019-09-22,,,,,
2019-09-23,,,,,
2019-09-24,,,,,
2019-09-25,,,,,
2019-09-26,,,,,
2019-09-27,,,,,
2019-09-28,,,,,
2019-09-29,,,,,
2019-09-30,,,,,
2019-10-01,,,,,
2019-10-02,,,,,
2019-10-03,,,,,
2019-10-04,,,,,
2019-10-05,,,,,
2019-10-06,,,,,
2019-10-07,,,,,
2019-10-08,,,,,
2019-10-09,,,,,
2019-10-10,,,,,
2019-10-11,,,,,
2019-10-12,,,,,
2019-10-13,,,,,
2019-10-14,,,,,
2019-10-15,,,,,
2019-10-16,,,,,
2019-10-17,,,,,
2019-10-18,,,,,
2019-10-19,,,,,
2019-10-20,,,,,
2019-10-21,,,,,
2019-10-22,,,,,
2019-10-23,,,,,
2019-10-24,,,,,
2019-10-25,,,,,
2019-10-26,,,,,
2019-10-27,,,,,
2019-10-28,,,,,
2019-10-29,,,,,
2019-10-30,,,,,
2019-10-31,,,,,
2019-11-01,,,,,
2019-11-02,,,,,
2019-11-03,,,,,
2019-11-04,,,,,
2019-11-05,,,,,
2019-11-06,,,,,
2019-11-07,,,,,
2019-11-08,,,,,
2019-11-09,,,,,
2019-11-10,,,,,
2019-11-11,,,,,
2019-11-12,,,,,
2019-11-13,,,,,
2019-11-14,,,,,
2019-11-15,,,,,
2019-11-16,,,,,
2019-11-17,,,,,
2019-11-18,,,,,
2019-11-19,,,,,
2019-11-20,,,,,
2019-11-21,,,,,
2019-11-22,,,,,
2019-11-23,,,,,
2019-11-24,,,,,
2019-11-25,,,,,
2019-11-26,,,,,
2019-11-27,,,,,
2019-11-28,,,,,
2019-11-29,,,,,
2019-11-30,,,,,
2019-12-01,,,,,
2019-12-02,,,,,
2019-12-03,,,,,
2019-12-04,,,,,
2019-12-05,,,,,
2019-12-06,,,,,
2019-12-07,,,,,
2019-12-08,,,,,
2019-12-09,,,,,
2019-12-10,,,,,
2019-12-11,,,,,
2019-12-12,,,,,
2019-12-13,,,,,
2019-12-14,,,,,
2019-12-15,,,,,
2019-12-16,,,,,
2019-12-17,,,,,
2019-12-18,,,,,
2019-12-19,,,,,
2019-12-20,,,,,
2019-12-21,,,,,
2019-12-22,,,,,
2019-12-23,,,,,
2019-12-24,,,,,
2019-12-25,,,,,
2019-12-26,,,,,
2019-12-27,,,,,
2019-12-28,,,,,
2019-12-29,,,,,
2019-12-30,,,,,
2019-12-31,,,,,
2020-01-01,,,,,
2020-01-02,,,,,
2020-01-03,,,,,
2020-01-04,,,,,
2020-01-05,,,,,
2020-01-06,,,,,
2020-01-07,,,,,
2020-01-08,,,,,
2020-01-09,,,,,
2020-01-10,,,,,
2020-01-11,,,,,
2020-01-12,,,,,
2020-01-13,,,,,
2020-01-14,,,,,
2020-01-15,,,,,
2020-01-16,,,,,
2020-01-17,,,,,
2020-01-18,,,,,
2020-01-19,,,,,
2020-01-20,,,,,
2020-01-21,,,,,
2020-01-22,,,,,
2020-01-23,,,,,
2020-01-24,,,,,
2020-01-25,,,,,
2020-01-26,,,,,
2020-01-27,,,,,
2020-01-28,,,,,
2020-01-29,,,,,
2020-01-30,,,,,
2020-01-31,,,,,
2020-02-01,,,,,
2020-02-02,,,,,
2020-02-03,,,,,
2020-02-04,,,,,
2020-02-05,,,,,
2020-02-06,,,,,
2020-02-07,,,,,
2020-02-08,,,,,
2020-02-09,,,,,
2020-02-10,,,,,
2020-02-11,,,,,
2020-02-12,,,,,
2020-02-13,,,,,
2020-02-14,,,,,
2020-02-15,,,,,
2020-02-16,,,,,
2020-02-17,,,,,
2020-02-18,,,,,
2020-02-19,,,,,
2020-02-20,,,,,
2020-02-21,,,,,
2020-02-22,,,,,
2020-02-23,,,,,
2020-02-24,,,,,
2020-02-25,,,,,
2020-02-26,,,,,
2020-02-27,,,,,
2020-02-28,,,,,
2020-02-29,,,,,
2020-03-01,,,,,
2020-03-02,,,,,
2020-03-03,,,,,
2020-03-04,,,,,
2020-03-05,,,,,
2020-03-06,,,,,
2020-03-07,,,,,
2020-03-08,,,,,
2020-03-09,,,,,
2020-03-10,,,,,
2020-03-11,,,,,
2020-03-12,,,,,
2020-03-13,,,,,
2020-03-14,,,,,
2020-03-15,,,,,
2020-03-16,,,,,
2020-03-17,,,,,
2020-03-18,,,,,
2020-03-19,,,,,
2020-03-20,,,,,
2020-03-21,,,,,
2020-03-22,,,,,
2020-03-23,,,,,
2020-03-24,,,,,
2020-03-25,,,,,
2020-03-26,,,,,
2020-03-27,,,,,
2020-03-28,,,,,
2020-03-29,,,,,
2020-03-30,,,,,
2020-03-31,,,,,
2020-04-01,,,,,
2020-04-02,,,,,
2020-04-03,,,,,
2020-04-04,,,,,
2020-04-05,,,,,
2020-04-06,,,,,
2020-04-07,,,,,
2020-04-08,,,,,
2020-04-09,,,,,
2020-04-10,,,,,
2020-04-11,,,,,
2020-04-12,,,,,
2020-04-13,,,,,
2020-04-14,,,,,
2020-04-15,,,,,
2020-04-16,,,,,
2020-04-17,,,,,
2020-04-18,,,,,
2020-04-19,,,,,
2020-04-20,,,,,
2020-04-21,,,,,
2020-04-22,,,,,
2020-04-23,,,,,
2020-04-24,,,,,
2020-04-25,,,,,
2020-04-26,,,,,
2020-04-27,,,,,
2020-04-28,,,,,
2020-04-29,,,,,
2020-04-30,,,,,
2020-05-01,,,,,
2020-05-02,,,,,
2020-05-03,,,,,
2020-05-04,,,,,
2020-05-05,,,,,
2020-05-06,,,,,
2020-05-07,,,,,
2020-05-08,,,,,
2020-05-09,,,,,
2020-05-10,,,,,
2020-05-11,,,,,
2020-05-12,,,,,
2020-05-13,,,,,
2020-05-14,,,,,
2020-05-15,,,,,
2020-05-16,,,,,
2020-05-17,,,,,
2020-05-18,,,,,
2020-05-19,,,,,
2020-05-20,,,,,
2020-05-21,,,,,
2020-05-22,,,,,
2020-05-23,,,,,
2020-05-24,,,,,
2020-05-25,,,,,
2020-05-26,,,,,
2020-05-27,,,,,
2020-05-28,,,,,
2020-05-29,,,,,
2020-05-30,,,,,
2020-05-31,,,,,
2020-06-01,,,,,
2020-06-02,,,,,
2020-06-03,,,,,
2020-06-04,,,,,
2020-06-05,,,,,
2020-06-06,,,,,
2020-06-07,,,,,
2020-06-08,,,,,
2020-06-09,,,,,
2020-06-10,,,,,
2020-06-11,,,,,
2020-06-12,,,,,
2020-06-13,,,,,
2020-06-14,,,,,
2020-06-15,,,,,
2020-06-16,,,,,
2020-06-17,,,,,
2020-06-18,,,,,
2020-06-19,,,,,
2020-06-20,,,,,
2020-06-21,,,,,
2020-06-22,,,,,
2020-06-23,,,,,
2020-06-24,,,,,
2020-06-25,,,,,
2020-06-26,,,,,
2020-06-27,,,,,
2020-06-28,,,,,
2020-06-29,,,,,
2020-06-30,,,,,
2020-07-01,,,,,
2020-07-02,,,,,
2020-07-03,,,,,
2020-07-04,,,,,
2020-07-05,,,,,
2020-07-06,,,,,
2020-07-07,,,,,
2020-07-08,,,,,
2020-07-09,,,,,
2020-07-10,,,,,
2020-07-11,,,,,
2020-07-12,,,,,
2020-07-13,,,,,
2020-07-14,,,,,
2020-07-15,,,,,
2020-07-16,,,,,
2020-07-17,,,,,
2020-07-18,,,,,
2020-07-19,,,,,
2020-07-20,,,,,
2020-07-21,,,,,
2020-07-22,,,,,
2020-07-23,,,,,
2020-07-24,,,,,
2020-07-25,,,,,
2020-07-26,,,,,
2020-07-27,,,,,
2020-07-28,,,,,
2020-07-29,,,,,
2020-07-30,,,,,
2020-07-31,,,,,
2020-08-01,,,,,
2020-08-02,,,,,
2020-08-03,,,,,
2020-08-04,,,,,
2020-08-05,,,,,
2020-08-06,,,,,
2020-08-07,,,,,
2020-08-08,,,,,
2020-08-09,,,,,
2020-08-10,,,,,
2020-08-11,,,,,
2020-08-12,,,,,
2020-08-13,,,,,
2020-08-14,,,,,
2020-08-15,,,,,
2020-08-16,,,,,
2020-08-17,,,,,
2020-08-18,,,,,
2020-08-19,,,,,
2020-08-20,,,,,
2020-08-21,,,,,
2020-08-22,,,,,
2020-08-23,,,,,
2020-08-24,,,,,
2020-08-25,,,,,
2020-08-26,,,,,
2020-08-27,,,,,
2020-08-28,,,,,
2020-08-29,,,,,
2020-08-30,,,,,
2020-08-31,,,,,
2020-09-01,,,,,
2020-09-02,,,,,
2020-09-03,,,,,
2020-09-04,,,,,
2020-09-05,,,,,
2020-09-06,,,,,
2020-09-07,,,,,
2020-09-08,,,,,
2020-09-09,,,,,
2020-09-10,,,,,
2020-09-11,,,,,
2020-09-12,,,,,
2020-09-13,,,,,
2020-09-14,,,,,
2020-09-15,,,,,
2020-09-16,,,,,
2020-09-17,,,,,
2020-09-18,,,,,
2020-09-19,,,,,
2020-09-20,,,,,
2020-09-21,,,,,
2020-09-22,,,,,
2020-09-23,,,,,
2020-09-24,,,,,
2020-09-25,,,,,
2020-09-26,,,,,
2020-09-27,,,,,
2020-09-28,,,,,
2020-09-29,,,,,
2020-09-30,,,,,
2020-10-01,,,,,
2020-10-02,,,,,
2020-10-03,,,,,
2020-10-04,,,,,
2020-10-05,,,,,
2020-10-06,,,,,
2020-10-07,,,,,
2020-10-08,,,,,
2020-10-09,,,,,
2020-10-10,,,,,
2020-10-11,,,,,
2020-10-12,,,,,
2020-10-13,,,,,
2020-10-14,,,,,
2020-10-15,,,,,
2020-10-16,,,,,
2020-10-17,,,,,
2020-10-18,,,,,
2020-10-19,,,,,
2020-10-20,,,,,
2020-10-21,,,,,
2020-10-22,,,,,
2020-10-23,,,,,
2020-10-24,,,,,
2020-10-25,,,,,
2020-10-26,,,,,
2020-10-27,,,,,
2020-10-28,,,,,
2020-10-29,,,,,
2020-10-30,,,,,
2020-10-31,,,,,
2020-11-01,,,,,
2020-11-02,,,,,
2020-11-03,,,,,
2020-11-04,,,,,
2020-11-05,,,,,
2020-11-06,,,,,
2020-11-07,,,,,
2020-11-08,,,,,
2020-11-09,,,,,
2020-11-10,,,,,
2020-11-11,,,,,
2020-11-12,,,,,
2020-11-13,,,,,
2020-11-14,,,,,
2020-11-15,,,,,
2020-11-16,,,,,
2020-11-17,,,,,
2020-11-18,,,,,
2020-11-19,,,,,
2020-11-20,,,,,
2020-11-21,,,,,
2020-11-22,,,,,
2020-11-23,,,,,
2020-11-24,,,,,
2020-11-25,,,,,
2020-11-26,,,,,
2020-11-27,,,,,
2020-11-28,,,,,
2020-11-29,,,,,
2020-11-30,,,,,
2020-12-01,,,,,
2020-12-02,,,,,
2020-12-03,,,,,
2020-12-04,,,,,
2020-12-05,,,,,
2020-12-06,,,,,
2020-12-07,,,,,
2020-12-08,,,,,
2020-12-09,,,,,
2020-12-10,,,,,
2020-12-11,,,,,
2020-12-12,,,,,
2020-12-13,,,,,
2020-12-14,,,,,
2020-12-15,,,,,
2020-12-16,,,,,
2020-12-17,,,,,
2020-12-18,,,,,
2020-12-19,,,,,
2020-12-20,,,,,
2020-12-21,,,,,
2020-12-22,,,,,
2020-12-23,,,,,
2020-12-24,,,,,
2020-12-25,,,,,
2020-12-26,,,,,
2020-12-27,,,,,
2020-12-28,,,,,
2020-12-29,,,,,
2020-12-30,,,,,
2020-12-31,,,,,
2021-01-01,,,,,
2021-01-02,,,,,
2021-01-03,,,,,
2021-01-04,,,,,
2021-01-05,,,,,
2021-01-06,,,,,
2021-01-07,,,,,
2021-01-08,,,,,
2021-01-09,,,,,
2021-01-10,,,,,
2021-01-11,,,,,
2021-01-12,,,,,
2021-01-13,,,,,
2021-01-14,,,,,
2021-01-15,,,,,
2021-01-16,,,,,
2021-01-17,,,,,
2021-01-18,,,,,
2021-01-19,,,,,
2021-01-20,,,,,
2021-01-21,,,,,
2021-01-22,,,,,
2021-01-23,,,,,
2021-01-24,,,,,
2021-01-25,,,,,
2021-01-26,,,,,
2021-01-27,,,,,
2021-01-28,,,,,
2021-01-29,,,,,
2021-01-30,,,,,
2021-01-31,,,,,
2021-02-01,,,,,
2021-02-02,,,,,
2021-02-03,,,,,
2021-02-04,,,,,
2021-02-05,,,,,
2021-02-06,,,,,
2021-02-07,,,,,
2021-02-08,,,,,
2021-02-09,,,,,
2021-02-10,,,,,
2021-02-11,,,,,
2021-02-12,,,,,
2021-02-13,,,,,
2021-02-14,,,,,
2021-02-15,,,,,
2021-02-16,,,,,
2021-02-17,,,,,
2021-02-18,,,,,
2021-02-19,,,,,
2021-02-20,,,,,
2021-02-21,,,,,
2021-02-22,,,,,
2021-02-23,,,,,
2021-02-24,,,,,
2021-02-25,,,,,
2021-02-26,,,,,
2021-02-27,,,,,
2021-02-28,,,,,
2021-03-01,,,,,
2021-03-02,,,,,
2021-03-03,,,,,
2021-03-04,,,,,
2021-03-05,,,,,
2021-03-06,,,,,
2021-03-07,,,,,
2021-03-08,,,,,
2021-03-09,,,,,
2021-03-10,,,,,
2021-03-11,,,,,
2021-03-12,,,,,
2021-03-13,,,,,
2021-03-14,,,,,
2021-03-15,,,,,
2021-03-16,,,,,
2021-03-17,,,,,
2021-03-18,,,,,
2021-03-19,,,,,
2021-03-20,,,,,
2021-03-21,,,,,
2021-03-22,,,,,
2021-03-23,,,,,
2021-03-24,,,,,
2021-03-25,,,,,
2021-03-26,,,,,
2021-03-27,,,,,
2021-03-28,,,,,
2021-03-29,,,,,
2021-03-30,,,,,
2021-03-31,,,,,
2021-04-01,,,,,
2021-04-02,,,,,
2021-04-03,,,,,
2021-04-04,,,,,
2021-04-05,,,,,
2021-04-06,,,,,
2021-04-07,,,,,
2021-04-08,,,,,
2021-04-09,,,,,
2021-04-10,,,,,
2021-04-11,,,,,
2021-04-12,,,,,
2021-04-13,,,,,
2021-04-14,,,,,
2021-04-15,,,,,
2021-04-16,,,,,
2021-04-17,,,,,
2021-04-18,,,,,
2021-04-19,,,,,
2021-04-20,,,,,
2021-04-21,,,,,
2021-04-22,,,,,
2021-04-23,,,,,
2021-04-24,,,,,
2021-04-25,,,,,
2021-04-26,,,,,
2021-04-27,,,,,
2021-04-28,,,,,
2021-04-29,,,,,
2021-04-30,,,,,
2021-05-01,,,,,
2021-05-02,,,,,
2021-05-03,,,,,
2021-05-04,,,,,
2021-05-05,,,,,
2021-05-06,,,,,
2021-05-07,,,,,
2021-05-08,,,,,
2021-05-09,,,,,
2021-05-10,,,,,
2021-05-11,,,,,
2021-05-12,,,,,
2021-05-13,,,,,
2021-05-14,,,,,
2021-05-15,,,,,
2021-05-16,,,,,
2021-05-17,,,,,
2021-05-18,,,,,
2021-05-19,,,,,
2021-05-20,,,,,
2021-05-21,,,,,
2021-05-22,,,,,
2021-05-23,,,,,
2021-05-24,,,,,
2021-05-25,,,,,
2021-05-26,,,,,
2021-05-27,,,,,
2021-05-28,,,,,
2021-05-29,,,,,
2021-05-30,,,,,
2021-05-31,,,,,
2021-06-01,,,,,
2021-06-02,,,,,
2021-06-03,,,,,
2021-06-04,,,,,
2021-06-05,,,,,
2021-06-06,,,,,
2021-06-07,,,,,
2021-06-08,,,,,
2021-06-09,,,,,
2021-06-10,,,,,
2021-06-11,,,,,
2021-06-12,,,,,
2021-06-13,,,,,
2021-06-14,,,,,
2021-06-15,,,,,
2021-06-16,,,,,
2021-06-17,,,,,
2021-06-18,,,,,
2021-06-19,,,,,
2021-06-20,,,,,
2021-06-21,,,,,
2021-06-22,,,,,
2021-06-23,,,,,
2021-06-24,,,,,
2021-06-25,,,,,
2021-06-26,,,,,
2021-06-27,,,,,
2021-06-28,,,,,
2021-06-29,,,,,
2021-06-30,,,,,
2021-07-01,,,,,
2021-07-02,,,,,
2021-07-03,,,,,
2021-07-04,,,,,
2021-07-05,,,,,
2021-07-06,,,,,
2021-07-07,,,,,
2021-07-08,,,,,
2021-07-09,,,,,
2021-07-10,,,,,
2021-07-11,,,,,
2021-07-12,,,,,
2021-07-13,,,,,
2021-07-14,,,,,
2021-07-15,,,,,
2021-07-16,,,,,
2021-07-17,,,,,
2021-07-18,,,,,
2021-07-19,,,,,
2021-07-20,,,,,
2021-07-21,,,,,
2021-07-22,,,,,
2021-07-23,,,,,
2021-07-24,,,,,
2021-07-25,,,,,
2021-07-26,,,,,
2021-07-27,,,,,
2021-07-28,,,,,
2021-07-29,,,,,
2021-07-30,,,,,
2021-07-31,,,,,
2021-08-01,,,,,
2021-08-02,,,,,
2021-08-03,,,,,
2021-08-04,,,,,
2021-08-05,,,,,
2021-08-06,,,,,
2021-08-07,,,,,
2021-08-08,,,,,
2021-08-09,,,,,
2021-08-10,,,,,
2021-08-11,,,,,
2021-08-12,,,,,
2021-08-13,,,,,
2021-08-14,,,,,
2021-08-15,,,,,
2021-08-16,,,,,
2021-08-17,,,,,
2021-08-18,,,,,
2021-08-19,,,,,
2021-08-20,,,,,
2021-08-21,,,,,
2021-08-22,,,,,
2021-08-23,,,,,
2021-08-24,,,,,
2021-08-25,,,,,
2021-08-26,,,,,
2021-08-27,,,,,
2021-08-28,,,,,
2021-08-29,,,,,
2021-08-30,,,,,
2021-08-31,,,,,
2021-09-01,,,,,
2021-09-02,,,,,
2021-09-03,,,,,
2021-09-04,,,,,
2021-09-05,,,,,
2021-09-06,,,,,
2021-09-07,,,,,
2021-09-08,,,,,
2021-09-09,,,,,
2021-09-10,,,,,
2021-09-11,,,,,
2021-09-12,,,,,
2021-09-13,,,,,
2021-09-14,,,,,
2021-09-15,,,,,
2021-09-16,,,,,
2021-09-17,,,,,
2021-09-18,,,,,
2021-09-19,,,,,
2021-09-20,,,,,
2021-09-21,,,,,
2021-09-22,,,,,
2021-09-23,,,,,
2021-09-24,,,,,
2021-09-25,,,,,
2021-09-26,,,,,
2021-09-27,,,,,
2021-09-28,,,,,
2021-09-29,,,,,
2021-09-30,,,,,
2021-10-01,,,,,
2021-10-02,,,,,
2021-10-03,,,,,
2021-10-04,,,,,
2021-10-05,,,,,
2021-10-06,,,,,
2021-10-07,,,,,
2021-10-08,,,,,
2021-10-09,,,,,
2021-10-10,,,,,
2021-10-11,,,,,
2021-10-12,,,,,
2021-10-13,,,,,
2021-10-14,,,,,
2021-10-15,,,,,
2021-10-16,,,,,
2021-10-17,,,,,
2021-10-18,,,,,
2021-10-19,,,,,
2021-10-20,,,,,
2021-10-21,,,,,
2021-10-22,,,,,
2021-10-23,,,,,
2021-10-24,,,,,
2021-10-25,,,,,
2021-10-26,,,,,
2021-10-27,,,,,
2021-10-28,,,,,
2021-10-29,,,,,
2021-10-30,,,,,
2021-10-31,,,,,
2021-11-01,,,,,
2021-11-02,,,,,
2021-11-03,,,,,
2021-11-04,,,,,
2021-11-05,,,,,
2021-11-06,,,,,
2021-11-07,,,,,
2021-11-08,,,,,
2021-11-09,,,,,
2021-11-10,,,,,
2021-11-11,,,,,
2021-11-12,,,,,
2021-11-13,,,,,
2021-11-14,,,,,
2021-11-15,,,,,
2021-11-16,,,,,
2021-11-17,,,,,
2021-11-18,,,,,
2021-11-19,,,,,
2021-11-20,,,,,
2021-11-21,,,,,
2021-11-22,,,,,
2021-11-23,,,,,
2021-11-24,,,,,
2021-11-25,,,,,
2021-11-26,,,,,
2021-11-27,,,,,
2021-11-28,,,,,
2021-11-29,,,,,
2021-11-30,,,,,
2021-12-01,,,,,
2021-12-02,,,,,
2021-12-03,,,,,
2021-12-04,,,,,
2021-12-05,,,,,
2021-12-06,,,,,
2021-12-07,,,,,
2021-12-08,,,,,
2021-12-09,,,,,
2021-12-10,,,,,
2021-12-11,,,,,
2021-12-12,,,,,
2021-12-13,,,,,
2021-12-14,,,,,
2021-12-15,,,,,
2021-12-16,,,,,
2021-12-17,,,,,
2021-12-18,,,,,
2021-12-19,,,,,
2021-12-20,,,,,
2021-12-21,,,,,
2021-12-22,,,,,
2021-12-23,,,,,
2021-12-24,,,,,
2021-12-25,,,,,
2021-12-26,,,,,
2021-12-27,,,,,
2021-12-28,,,,,
2021-12-29,,,,,
2021-12-30,,,,,
2021-12-31,,,,,
2022-01-01,,,,,
2022-01-02,,,,,
2022-01-03,,,,,
2022-01-04,,,,,
2022-01-05,,,,,
2022-01-06,,,,,
2022-01-07,,,,,
2022-01-08,,,,,
2022-01-09,,,,,
2022-01-10,,,,,
2022-01-11,,,,,
2022-01-12,,,,,
2022-01-13,,,,,
2022-01-14,,,,,
2022-01-15,,,,,
2022-01-16,,,,,
2022-01-17,,,,,
2022-01-18,,,,,
2022-01-19,,,,,
2022-01-20,,,,,
2022-01-21,,,,,
2022-01-22,,,,,
2022-01-23,,,,,
2022-01-24,,,,,
2022-01-25,,,,,
2022-01-26,,,,,
2022-01-27,,,,,
2022-01-28,,,,,
2022-01-29,,,,,
2022-01-30,,,,,
2022-01-31,,,,,
2022-02-01,,,,,
2022-02-02,,,,,
2022-02-03,,,,,
2022-02-04,,,,,
2022-02-05,,,,,
2022-02-06,,,,,
2022-02-07,,,,,
2022-02-08,,,,,
2022-02-09,,,,,
2022-02-10,,,,,
2022-02-11,,,,,
2022-02-12,,,,,
2022-02-13,,,,,
2022-02-14,,,,,
2022-02-15,,,,,
2022-02-16,,,,,
2022-02-17,,,,,
2022-02-18,,,,,
2022-02-19,,,,,
2022-02-20,,,,,
2022-02-21,,,,,
2022-02-22,,,,,
2022-02-23,,,,,
2022-02-24,,,,,
2022-02-25,,,,,
2022-02-26,,,,,
2022-02-27,,,,,
2022-02-28,,,,,
2022-03-01,,,,,
2022-03-02,,,,,
2022-03-03,,,,,
2022-03-04,,,,,
2022-03-05,,,,,
2022-03-06,,,,,
2022-03-07,,,,,
2022-03-08,,,,,
2022-03-09,,,,,
2022-03-10,,,,,
2022-03-11,,,,,
2022-03-12,,,,,
2022-03-13,,,,,
2022-03-14,,,,,
2022-03-15,,,,,
2022-03-16,,,,,
2022-03-17,,,,,
2022-03-18,,,,,
2022-03-19,,,,,
2022-03-20,,,,,
2022-03-21,,,,,
2022-03-22,,,,,
2022-03-23,,,,,
2022-03-24,,,,,
2022-03-25,,,,,
2022-03-26,,,,,
2022-03-27,,,,,
2022-03-28,,,,,
2022-03-29,,,,,
2022-03-30,,,,,
2022-03-31,,,,,
2022-04-01,,,,,
2022-04-02,,,,,
2022-04-03,,,,,
2022-04-04,,,,,
2022-04-05,,,,,
2022-04-06,,,,,
2022-04-07,,,,,
2022-04-08,,,,,
2022-04-09,,,,,
2022-04-10,,,,,
2022-04-11,,,,,
2022-04-12,,,,,
2022-04-13,,,,,
2022-04-14,,,,,
2022-04-15,,,,,
2022-04-16,,,,,
2022-04-17,,,,,
2022-04-18,,,,,
2022-04-19,,,,,
2022-04-20,,,,,
2022-04-21,,,,,
2022-04-22,,,,,
2022-04-23,,,,,
2022-04-24,,,,,
2022-04-25,,,,,
2022-04-26,,,,,
2022-04-27,,,,,
2022-04-28,,,,,
2022-04-29,,,,,
2022-04-30,,,,,
2022-05-01,,,,,
2022-05-02,,,,,
2022-05-03,,,,,
2022-05-04,,,,,
2022-05-05,,,,,
2022-05-06,,,,,
2022-05-07,,,,,
2022-05-08,,,,,
2022-05-09,,,,,
2022-05-10,,,,,
2022-05-11,,,,,
2022-05-12,,,,,
2022-05-13,,,,,
2022-05-14,,,,,
2022-05-15,,,,,
2022-05-16,,,,,
2022-05-17,,,,,
2022-05-18,,,,,
2022-05-19,,,,,
2022-05-20,,,,,
2022-05-21,,,,,
2022-05-22,,,,,
2022-05-23,,,,,
2022-05-24,,,,,
2022-05-25,,,,,
2022-05-26,,,,,
2022-05-27,,,,,
2022-05-28,,,,,
2022-05-29,,,,,
2022-05-30,,,,,
2022-05-31,,,,,
2022-06-01,,,,,
2022-06-02,,,,,
2022-06-03,,,,,
2022-06-04,,,,,
2022-06-05,,,,,
2022-06-06,,,,,
2022-06-07,,,,,
2022-06-08,,,,,
2022-06-09,,,,,
2022-06-10,,,,,
2022-06-11,,,,,
2022-06-12,,,,,
2022-06-13,,,,,
2022-06-14,,,,,
2022-06-15,,,,,
2022-06-16,,,,,
2022-06-17,,,,,
2022-06-18,,,,,
2022-06-19,,,,,
2022-06-20,,,,,
2022-06-21,,,,,
2022-06-22,,,,,
2022-06-23,,,,,
2022-06-24,,,,,
2022-06-25,,,,,
2022-06-26,,,,,
2022-06-27,,,,,
2022-06-28,,,,,
2022-06-29,,,,,
2022-06-30,,,,,
2022-07-01,,,,,
2022-07-02,,,,,
2022-07-03,,,,,
2022-07-04,,,,,
2022-07-05,,,,,
2022-07-06,,,,,
2022-07-07,,,,,
2022-07-08,,,,,
2022-07-09,,,,,
2022-07-10,,,,,
2022-07-11,,,,,
2022-07-12,,,,,
2022-07-13,,,,,
2022-07-14,,,,,
2022-07-15,,,,,
2022-07-16,,,,,
2022-07-17,,,,,
2022-07-18,,,,,
2022-07-19,,,,,
2022-07-20,,,,,
2022-07-21,,,,,
2022-07-22,,,,,
2022-07-23,,,,,
2022-07-24,,,,,
2022-07-25,,,,,
2022-07-26,,,,,
2022-07-27,,,,,
2022-07-28,,,,,
2022-07-29,,,,,
2022-07-30,,,,,
2022-07-31,,,,,
2022-08-01,,,,,
2022-08-02,,,,,
2022-08-03,,,,,
2022-08-04,,,,,
2022-08-05,,,,,
2022-08-06,,,,,
2022-08-07,,,,,
2022-08-08,,,,,
2022-08-09,,,,,
2022-08-10,,,,,
2022-08-11,,,,,
2022-08-12,,,,,
2022-08-13,,,,,
2022-08-14,,,,,
2022-08-15,,,,,
2022-08-16,,,,,
2022-08-17,,,,,
2022-08-18,,,,,
2022-08-19,,,,,
2022-08-20,,,,,
2022-08-21,,,,,
2022-08-22,,,,,
2022-08-23,,,,,
2022-08-24,,,,,
2022-08-25,,,,,
2022-08-26,,,,,
2022-08-27,,,,,
2022-08-28,,,,,
2022-08-29,,,,,
2022-08-30,,,,,
2022-08-31,,,,,
2022-09-01,,,,,
2022-09-02,,,,,
2022-09-03,,,,,
2022-09-04,,,,,
2022-09-05,,,,,
2022-09-06,,,,,
2022-09-07,,,,,
2022-09-08,,,,,
2022-09-09,,,,,
2022-09-10,,,,,
2022-09-11,,,,,
2022-09-12,,,,,
2022-09-13,,,,,
2022-09-14,,,,,
2022-09-15,,,,,
2022-09-16,,,,,
2022-09-17,,,,,
2022-09-18,,,,,
2022-09-19,,,,,
2022-09-20,,,,,
2022-09-21,,,,,
2022-09-22,,,,,
2022-09-23,,,,,
2022-09-24,,,,,
2022-09-25,,,,,
2022-09-26,,,,,
2022-09-27,,,,,
2022-09-28,,,,,
2022-09-29,,,,,
2022-09-30,,,,,
2022-10-01,,,,,
2022-10-02,,,,,
2022-10-03,,,,,
2022-10-04,,,,,
2022-10-05,,,,,
2022-10-06,,,,,
2022-10-07,,,,,
2022-10-08,,,,,
2022-10-09,,,,,
2022-10-10,,,,,
2022-10-11,,,,,
2022-10-12,,,,,
2022-10-13,,,,,
2022-10-14,,,,,
2022-10-15,,,,,
2022-10-16,,,,,
2022-10-17,,,,,
2022-10-18,,,,,
2022-10-19,,,,,
2022-10-20,,,,,
2022-10-21,,,,,
2022-10-22,,,,,
2022-10-23,,,,,
2022-10-24,,,,,
2022-10-25,,,,,
2022-10-26,,,,,
2022-10-27,,,,,
2022-10-28,,,,,
2022-10-29,,,,,
2022-10-30,,,,,
2022-10-31,,,,,
2022-11-01,,,,,
2022-11-02,,,,,
2022-11-03,,,,,
2022-11-04,,,,,
2022-11-05,,,,,
2022-11-06,,,,,
2022-11-07,,,,,
2022-11-08,,,,,
2022-11-09,,,,,
2022-11-10,,,,,
2022-11-11,,,,,
2022-11-12,,,,,
2022-11-13,,,,,
2022-11-14,,,,,
2022-11-15,,,,,
2022-11-16,,,,,
2022-11-17,,,,,
2022-11-18,,,,,
2022-11-19,,,,,
2022-11-20,,,,,
2022-11-21,,,,,
2022-11-22,,,,,
2022-11-23,,,,,
2022-11-24,,,,,
2022-11-25,,,,,
2022-11-26,,,,,
2022-11-27,,,,,
2022-11-28,,,,,
2022-11-29,,,,,
2022-11-30,,,,,
2022-12-01,,,,,
2022-12-02,,,,,
2022-12-03,,,,,
2022-12-04,,,,,
2022-12-05,,,,,
2022-12-06,,,,,
2022-12-07,,,,,
2022-12-08,,,,,
2022-12-09,,,,,
2022-12-10,,,,,
2022-12-11,,,,,
2022-12-12,,,,,
2022-12-13,,,,,
2022-12-14,,,,,
2022-12-15,,,,,
2022-12-16,,,,,
2022-12-17,,,,,
2022-12-18,,,,,
2022-12-19,,,,,
2022-12-20,,,,,
2022-12-21,,,,,
2022-12-22,,,,,
2022-12-23,,,,,
2022-12-24,,,,,
2022-12-25,,,,,
2022-12-26,,,,,
2022-12-27,,,,,
2022-12-28,,,,,
2022-12-29,,,,,
2022-12-30,,,,,
2022-12-31,,,,,
2023-01-01,,,,,
2023-01-02,,,,,
2023-01-03,,,,,
2023-01-04,,,,,
2023-01-05,,,,,
2023-01-06,,,,,
2023-01-07,,,,,
2023-01-08,,,,,
2023-01-09,,,,,
2023-01-10,,,,,
2023-01-11,,,,,
2023-01-12,,,,,
2023-01-13,,,,,
2023-01-14,,,,,
2023-01-15,,,,,
2023-01-16,,,,,
2023-01-17,,,,,
2023-01-18,,,,,
2023-01-19,,,,,
2023-01-20,,,,,
2023-01-21,,,,,
2023-01-22,,,,,
2023-01-23,,,,,
2023-01-24,,,,,
2023-01-25,,,,,
2023-01-26,,,,,
2023-01-27,,,,,
2023-01-28,,,,,
2023-01-29,,,,,
2023-01-30,,,,,
2023-01-31,,,,,
2023-02-01,,,,,
2023-02-02,,,,,
2023-02-03,,,,,
2023-02-04,,,,,
2023-02-05,,,,,
2023-02-06,,,,,
2023-02-07,,,,,
2023-02-08,,,,,
2023-02-09,,,,,
2023-02-10,,,,,
2023-02-11,,,,,
2023-02-12,,,,,
2023-02-13,,,,,
2023-02-14,,,,,
2023-02-15,,,,,
2023-02-16,,,,,
2023-02-17,,,,,
2023-02-18,,,,,
2023-02-19,,,,,
2023-02-20,,,,,
2023-02-21,,,,,
2023-02-22,,,,,
2023-02-23,,,,,
2023-02-24,,,,,
2023-02-25,,,,,
2023-02-26,,,,,
2023-02-27,,,,,
2023-02-28,,,,,
2023-03-01,,,,,
2023-03-02,,,,,
2023-03-03,,,,,
2023-03-04,,,,,
2023-03-05,,,,,
2023-03-06,,,,,
2023-03-07,,,,,
2023-03-08,,,,,
2023-03-09,,,,,
2023-03-10,,,,,
2023-03-11,,,,,
2023-03-12,,,,,
2023-03-13,,,,,
2023-03-14,,,,,
2023-03-15,,,,,
2023-03-16,,,,,
2023-03-17,,,,,
2023-03-18,,,,,
2023-03-19,,,,,
2023-03-20,,,,,
2023-03-21,,,,,
2023-03-22,,,,,
2023-03-23,,,,,
2023-03-24,,,,,
2023-03-25,,,,,
2023-03-26,,,,,
2023-03-27,,,,,
2023-03-28,,,,,
2023-03-29,,,,,
2023-03-30,,,,,
2023-03-31,,,,,
2023-04-01,,,,,
2023-04-02,,,,,
2023-04-03,,,,,
2023-04-04,,,,,
2023-04-05,,,,,
2023-04-06,,,,,
2023-04-07,,,,,
2023-04-08,,,,,
2023-04-09,,,,,
2023-04-10,,,,,
2023-04-11,,,,,
2023-04-12,,,,,
2023-04-13,,,,,
2023-04-14,,,,,
2023-04-15,,,,,
2023-04-16,,,,,
2023-04-17,,,,,
2023-04-18,,,,,
2023-04-19,,,,,
2023-04-20,,,,,
2023-04-21,,,,,
2023-04-22,,,,,
2023-04-23,,,,,
2023-04-24,,,,,
2023-04-25,,,,,
2023-04-26,,,,,
2023-04-27,,,,,
2023-04-28,,,,,
2023-04-29,,,,,
2023-04-30,,,,,
2023-05-01,,,,,
2023-05-02,,,,,
2023-05-03,,,,,
2023-05-04,,,,,
2023-05-05,,,,,
2023-05-06,,,,,
2023-05-07,,,,,
2023-05-08,,,,,
2023-05-09,,,,,
2023-05-10,,,,,
2023-05-11,,,,,
2023-05-12,,,,,
2023-05-13,,,,,
2023-05-14,,,,,
2023-05-15,,,,,
2023-05-16,,,,,
2023-05-17,,,,,
2023-05-18,,,,,
2023-05-19,,,,,
2023-05-20,,,,,
2023-05-21,,,,,
2023-05-22,,,,,
2023-05-23,,,,,
2023-05-24,,,,,
2023-05-25,,,,,
2023-05-26,,,,,
2023-05-27,,,,,
2023-05-28,,,,,
2023-05-29,,,,,
2023-05-30,,,,,
2023-05-31,,,,,
2023-06-01,,,,,
2023-06-02,,,,,
2023-06-03,,,,,
2023-06-04,,,,,
2023-06-05,,,,,
2023-06-06,,,,,
2023-06-07,,,,,
2023-06-08,,,,,
2023-06-09,,,,,
2023-06-10,,,,,
2023-06-11,,,,,
2023-06-12,,,,,
2023-06-13,,,,,
2023-06-14,,,,,
2023-06-15,,,,,
2023-06-16,,,,,
2023-06-17,,,,,
2023-06-18,,,,,
2023-06-19,,,,,
2023-06-20,,,,,
2023-06-21,,,,,
2023-06-22,,,,,
2023-06-23,,,,,
2023-06-24,,,,,
2023-06-25,,,,,
2023-06-26,,,,,
2023-06-27,,,,,
2023-06-28,,,,,
2023-06-29,,,,,
2023-06-30,,,,,
2023-07-01,,,,,
2023-07-02,,,,,
2023-07-03,,,,,
2023-07-04,,,,,
2023-07-05,,,,,
2023-07-06,,,,,
2023-07-07,,,,,
2023-07-08,,,,,
2023-07-09,,,,,
2023-07-10,,,,,
2023-07-11,,,,,
2023-07-12,,,,,
2023-07-13,,,,,
2023-07-14,,,,,
2023-07-15,,,,,
2023-07-16,,,,,
2023-07-17,,,,,
2023-07-18,,,,,
2023-07-19,,,,,
2023-07-20,,,,,
2023-07-21,,,,,
2023-07-22,,,,,
2023-07-23,,,,,
2023-07-24,,,,,
2023-07-25,,,,,
2023-07-26,,,,,
2023-07-27,,,,,
2023-07-28,,,,,
2023-07-29,,,,,
2023-07-30,,,,,
2023-07-31,,,,,
2023-08-01,,,,,
2023-08-02,,,,,
2023-08-03,,,,,
2023-08-04,,,,,
2023-08-05,,,,,
2023-08-06,,,,,
2023-08-07,,,,,
2023-08-08,,,,,
2023-08-09,,,,,
2023-08-10,,,,,
2023-08-11,,,,,
2023-08-12,,,,,
2023-08-13,,,,,
2023-08-14,,,,,
2023-08-15,,,,,
2023-08-16,,,,,
2023-08-17,,,,,
2023-08-18,,,,,
2023-08-19,,,,,
2023-08-20,,,,,
2023-08-21,,,,,
2023-08-22,,,,,
2023-08-23,,,,,
2023-08-24,,,,,
2023-08-25,,,,,
2023-08-26,,,,,
2023-08-27,,,,,
2023-08-28,,,,,
2023-08-29,,,,,
2023-08-30,,,,,
2023-08-31,,,,,
2023-09-01,,,,,
2023-09-02,,,,,
2023-09-03,,,,,
2023-09-04,,,,,
2023-09-05,,,,,
2023-09-06,,,,,
2023-09-07,,,,,
2023-09-08,,,,,
2023-09-09,,,,,
2023-09-10,,,,,
2023-09-11,,,,,
2023-09-12,,,,,
2023-09-13,,,,,
2023-09-14,,,,,
2023-09-15,,,,,
2023-09-16,,,,,
2023-09-17,,,,,
2023-09-18,,,,,
2023-09-19,,,,,
2023-09-20,,,,,
2023-09-21,,,,,
2023-09-22,,,,,
2023-09-23,,,,,
2023-09-24,,,,,
2023-09-25,,,,,
2023-09-26,,,,,
2023-09-27,,,,,
2023-09-28,,,,,
2023-09-29,,,,,
2023-09-30,,,,,
2023-10-01,,,,,
2023-10-02,,,,,
2023-10-03,,,,,
2023-10-04,,,,,
2023-10-05,,,,,
2023-10-06,,,,,
2023-10-07,,,,,
2023-10-08,,,,,
2023-10-09,,,,,
2023-10-10,,,,,
2023-10-11,,,,,
2023-10-12,,,,,
2023-10-13,,,,,
2023-10-14,,,,,
2023-10-15,,,,,
2023-10-16,,,,,
2023-10-17,,,,,
2023-10-18,,,,,
2023-10-19,,,,,
2023-10-20,,,,,
2023-10-21,,,,,
2023-10-22,,,,,
2023-10-23,,,,,
2023-10-24,,,,,
2023-10-25,,,,,
2023-10-26,,,,,
2023-10-27,,,,,
2023-10-28,,,,,
2023-10-29,,,,,
2023-10-30,,,,,
2023-10-31,,,,,
2023-11-01,,,,,
2023-11-02,,,,,
2023-11-03,,,,,
2023-11-04,,,,,
2023-11-05,,,,,
2023-11-06,,,,,
2023-11-07,,,,,
2023-11-08,,,,,
2023-11-09,,,,,
2023-11-10,,,,,
2023-11-11,,,,,
2023-11-12,,,,,
2023-11-13,,,,,
2023-11-14,,,,,
2023-11-15,,,,,
2023-11-16,,,,,
2023-11-17,,,,,
2023-11-18,,,,,
2023-11-19,,,,,
2023-11-20,,,,,
2023-11-21,,,,,
2023-11-22,,,,,
2023-11-23,,,,,
2023-11-24,,,,,
2023-11-25,,,,,
2023-11-26,,,,,
2023-11-27,,,,,
2023-11-28,,,,,
2023-11-29,,,,,
2023-11-30,,,,,
2023-12-01,,,,,
2023-12-02,,,,,
2023-12-03,,,,,
2023-12-04,,,,,
2023-12-05,,,,,
2023-12-06,,,,,
2023-12-07,,,,,
2023-12-08,,,,,
2023-12-09,,,,,
2023-12-10,,,,,
2023-12-11,,,,,
2023-12-12,,,,,
2023-12-13,,,,,
2023-12-14,,,,,
2023-12-15,,,,,
2023-12-16,,,,,
2023-12-17,,,,,
2023-12-18,,,,,
2023-12-19,,,,,
2023-12-20,,,,,
2023-12-21,,,,,
2023-12-22,,,,,
2023-12-23,,,,,
2023-12-24,,,,,
2023-12-25,,,,,
2023-12-26,,,,,
2023-12-27,,,,,
2023-12-28,,,,,
2023-12-29,,,,,
2023-12-30,,,,,
2023-12-31,,,,,
2024-01-01,,,,,
2024-01-02,,,,,
2024-01-03,,,,,
2024-01-04,,,,,
2024-01-05,,,,,
2024-01-06,,,,,
2024-01-07,,,,,
2024-01-08,,,,,
2024-01-09,,,,,
2024-01-10,,,,,
2024-01-11,,,,,
2024-01-12,,,,,
2024-01-13,,,,,
2024-01-14,,,,,
2024-01-15,,,,,
2024-01-16,,,,,
2024-01-17,,,,,
2024-01-18,,,,,
2024-01-19,,,,,
2024-01-20,,,,,
2024-01-21,,,,,
2024-01-22,,,,,
2024-01-23,,,,,
2024-01-24,,,,,
2024-01-25,,,,,
2024-01-26,,,,,
2024-01-27,,,,,
2024-01-28,,,,,
2024-01-29,,,,,
2024-01-30,,,,,
2024-01-31,,,,,
2024-02-01,,,,,
2024-02-02,,,,,
2024-02-03,,,,,
2024-02-04,,,,,
2024-02-05,,,,,
2024-02-06,,,,,
2024-02-07,,,,,
2024-02-08,,,,,
2024-02-09,,,,,
2024-02-10,,,,,
2024-02-11,,,,,
2024-02-12,,,,,
2024-02-13,,,,,
2024-02-14,,,,,
2024-02-15,,,,,
2024-02-16,,,,,
2024-02-17,,,,,
2024-02-18,,,,,
2024-02-19,,,,,
2024-02-20,,,,,
2024-02-21,,,,,
2024-02-22,,,,,
2024-02-23,,,,,
2024-02-24,,,,,
2024-02-25,,,,,
2024-02-26,,,,,
2024-02-27,,,,,
2024-02-28,,,,,
2024-02-29,,,,,
2024-03-01,,,,,
2024-03-02,,,,,
2024-03-03,,,,,
2024-03-04,,,,,
2024-03-05,,,,,
2024-03-06,,,,,
2024-03-07,,,,,
2024-03-08,,,,,
2024-03-09,,,,,
2024-03-10,0.175000,,,,0.175000
2024-03-11,0.983607,,,,0.983607
2024-03-12,1.000000,1.000000,,1.000000,1.000000
2024-03-13,0.991665,1.000000,,1.000000,0.968254
2024-03-14,0.984003,0.983871,,0.983871,0.984375
2024-03-15,0.892177,0.952381,,0.952381,0.723077
2024-03-16,0.509992,0.945312,,0.015625,0.166667
2024-03-17,0.509798,0.938462,,0.023077,0.171642
2024-03-18,0.579357,0.727273,,0.045455,0.808824
2024-03-19,0.358949,0.238806,,0.208955,0.724638
2024-03-20,0.352016,0.073529,,0.411765,0.814286
2024-03-21,0.336743,0.014493,,0.463768,0.816901
2024-03-22,0.324132,0.014286,,0.542857,0.694444
2024-03-23,0.188159,0.021127,,0.542254,0.164384
2024-03-24,0.192457,0.027778,,0.541667,0.168919
2024-03-25,0.319970,0.054795,,0.123288,1.000000
2024-03-26,0.404641,0.175676,,0.351351,0.881579
2024-03-27,0.477489,0.306667,,0.440000,0.831169
2024-03-28,0.585338,0.447368,,0.500000,0.923077
2024-03-29,0.439097,0.532468,,0.545455,0.164557
2024-03-30,0.439850,0.532051,,0.544872,0.168750
2024-03-31,0.440584,0.531646,,0.544304,0.172840
2024-04-01,0.434612,0.412500,,0.112500,0.780488
2024-04-02,0.333538,0.259259,,0.259259,0.542169
2024-04-03,0.336808,0.195122,,0.304878,0.630952
2024-04-04,0.412537,0.216867,,0.301205,0.882353
2024-04-05,0.366507,0.309524,,0.202381,0.627907
2024-04-06,0.247373,0.311765,,0.205882,0.166667
2024-04-07,0.250288,0.313953,,0.209302,0.170455
2024-04-08,0.424192,0.252874,,0.402299,0.764045
2024-04-09,0.391079,0.215909,,0.397727,0.711111
2024-04-10,0.397903,0.224719,,0.404494,0.714286
2024-04-11,0.361109,0.155556,,0.377778,0.728261
2024-04-12,0.400076,0.131868,,0.373626,0.924731
2024-04-13,0.202877,0.135870,,0.375000,0.164894
2024-04-14,0.206052,0.139785,,0.376344,0.168421
2024-04-15,0.348033,0.180851,,0.340426,0.666667
2024-04-16,0.311742,0.178947,,0.357895,0.515464
2024-04-17,0.357511,0.125000,,0.416667,0.734694
2024-04-18,0.332282,0.123711,,0.453608,0.606061
2024-04-19,0.268382,0.142857,,0.408163,0.370000
2024-04-20,0.192293,0.146465,,0.313131,0.163366
2024-04-21,0.220188,0.150000,,0.415000,0.166667
2024-04-22,0.284508,0.168317,0.166667,0.326733,0.689320
2024-04-23,0.397884,0.215686,0.557377,0.362745,0.461538
2024-04-24,0.395075,0.233010,0.354839,0.378641,0.790476
2024-04-25,0.293558,0.163462,0.285714,0.307692,0.537736
2024-04-26,0.470657,0.114286,0.750000,0.495238,0.570093
2024-04-27,0.223222,0.117925,,0.495283,0.162037
2024-04-28,0.225794,0.121495,,0.495327,0.165138
2024-04-29,0.238358,0.055556,0.138462,0.564815,0.463636
2024-04-30,0.561816,0.055046,0.984848,0.582569,0.666667
2024-05-01,0.548082,0.009091,0.985075,0.718182,0.544643
2024-05-02,0.259560,0.018018,0.176471,0.702703,0.451327
2024-05-03,0.320955,0.098214,0.333333,0.535714,0.508772
2024-05-04,0.138165,0.101770,,0.185841,0.160870
2024-05-05,0.141326,0.105263,,0.188596,0.163793
2024-05-06,0.320016,0.243478,0.228571,0.400000,0.564103
2024-05-07,0.405153,0.293103,0.563380,0.344828,0.364407
2024-05-08,0.476265,0.521368,0.458333,0.581197,0.327731
2024-05-09,0.424610,0.525424,0.219178,0.584746,0.483333
2024-05-10,0.430183,0.336134,0.459459,0.302521,0.669421
2024-05-11,0.282576,0.337500,,0.304167,0.159836
2024-05-12,0.284361,0.338843,,0.305785,0.162602
2024-05-13,0.273960,0.278689,0.173333,0.385246,0.354839
2024-05-14,0.252873,0.325203,0.105263,0.333333,0.328000
2024-05-15,0.439384,0.467742,0.220779,0.532258,0.722222
2024-05-16,0.579234,0.592000,0.641026,0.632000,0.385827
2024-05-17,0.498690,0.722222,0.113924,0.746032,0.593750
2024-05-18,0.578901,0.720472,,0.744094,0.158915
2024-05-19,0.578273,0.718750,,0.742188,0.161538
2024-05-20,0.462060,0.736434,0.000000,0.767442,0.557252
2024-05-21,0.732328,0.776923,0.827160,0.800000,0.401515
2024-05-22,0.547530,0.732824,0.329268,0.763359,0.421053
2024-05-23,0.666193,0.712121,0.759036,0.734848,0.335821
2024-05-24,0.477790,0.714286,0.095238,0.736842,0.533333
2024-05-25,0.572636,0.712687,,0.735075,0.158088
2024-05-26,0.572088,0.711111,,0.733333,0.160584
2024-05-27,0.359508,0.617647,,0.058824,0.163043
2024-05-28,0.326398,0.496350,0.200000,0.124088,0.446043
2024-05-29,0.503405,0.442029,0.802326,0.166667,0.357143
2024-05-30,0.606571,0.424460,0.804598,0.503597,0.659574
2024-05-31,0.370402,0.321429,0.340909,0.278571,0.605634
2024-06-01,0.269631,0.322695,,0.280142,0.160839
2024-06-02,0.271245,0.323944,,0.281690,0.163194
2024-06-03,0.349141,0.363636,0.292135,0.237762,0.537931
2024-06-04,0.668166,0.743056,0.466667,0.770833,0.821918
2024-06-05,0.592808,0.813793,0.241758,0.834483,0.632653
2024-06-06,0.797463,0.842466,0.847826,0.863014,0.554054
2024-06-07,0.653861,0.857143,0.333333,0.877551,0.684564
2024-06-08,0.677361,0.854730,,0.875000,0.160000
2024-06-09,0.676163,0.852349,,0.872483,0.162252
2024-06-10,0.745482,0.800000,0.776596,0.820000,0.513158
2024-06-11,0.293122,0.496689,0.073684,0.112583,0.509804
2024-06-12,0.581682,0.328947,0.968750,0.263158,0.603896
2024-06-13,0.482501,0.150327,0.762887,0.431373,0.606452
2024-06-14,0.389756,0.058442,0.489796,0.564935,0.647436
2024-06-15,0.211981,0.061290,,0.564516,0.159236
2024-06-16,0.213820,0.064103,,0.564103,0.161392
2024-06-17,0.395674,0.044586,0.656566,0.598726,0.352201
2024-06-18,0.381952,0.063291,0.610000,0.569620,0.356250
2024-06-19,0.213878,0.044025,,0.603774,0.161491
2024-06-20,0.298165,0.068750,0.336634,0.568750,0.395062
2024-06-21,0.270855,0.099379,0.215686,0.527950,0.453988
2024-06-22,0.223312,0.101852,,0.527778,0.161585
2024-06-23,0.225003,0.104294,,0.527607,0.163636
2024-06-24,0.568736,0.097561,0.961165,0.542683,0.710843
2024-06-25,0.445289,0.175758,0.519231,0.478788,0.772455
2024-06-26,0.281652,0.186747,0.257143,0.457831,0.339286
2024-06-27,0.428549,0.227545,0.669811,0.389222,0.372781
2024-06-28,0.540981,0.291667,0.906542,0.345238,0.482353
2024-06-29,0.271447,0.292899,,0.346154,0.160819
2024-06-30,0.272785,0.294118,,0.347059,0.162791
2024-07-01,0.613932,0.415205,0.944444,0.415205,0.531792
2024-07-02,0.518469,0.401163,0.724771,0.401163,0.448276
2024-07-03,0.225197,0.393064,0.009091,0.236994,0.320000
2024-07-04,0.285259,0.362069,,0.264368,0.161932
2024-07-05,0.417638,0.417143,0.486486,0.211429,0.480226
2024-07-06,0.299945,0.417614,,0.213068,0.162921
2024-07-07,0.301070,0.418079,,0.214689,0.164804
2024-07-08,0.347914,0.511236,0.214286,0.168539,0.472222
2024-07-09,0.493736,0.603352,0.654867,0.072626,0.375691
2024-07-10,0.509713,0.638889,0.649123,0.055556,0.428571
2024-07-11,0.688752,0.707182,0.808696,0.701657,0.409836
2024-07-12,0.717439,0.736264,0.844828,0.752747,0.402174
2024-07-13,0.588651,0.734973,,0.751366,0.162162
2024-07-14,0.588164,0.733696,,0.750000,0.163978
2024-07-15,0.706867,0.740541,0.683761,0.756757,0.641711
2024-07-16,0.595251,0.801075,0.406780,0.817204,0.367021
2024-07-17,0.599225,0.770053,0.344538,0.791444,0.592593
2024-07-18,0.513606,0.765957,0.141667,0.787234,0.505263
2024-07-19,0.632704,0.793651,0.256198,0.814815,0.890052
2024-07-20,0.631756,0.792105,,0.813158,0.161458
2024-07-21,0.631061,0.790576,,0.811518,0.163212
2024-07-22,0.478961,0.817708,0.049180,0.833333,0.345361
2024-07-23,0.572838,0.673575,0.349593,0.689119,0.707692
2024-07-24,0.705942,0.670103,0.814516,0.685567,0.581633
2024-07-25,0.588266,0.661538,0.600000,0.676923,0.345178
2024-07-26,0.424152,0.505102,0.134921,0.515306,0.747475
2024-07-27,0.417208,0.505076,,0.515228,0.160804
2024-07-28,0.417622,0.505051,,0.515152,0.162500
2024-07-29,0.485015,0.336683,0.629921,0.246231,0.706468
2024-07-30,0.288053,0.370000,0.093750,0.400000,0.405941
2024-07-31,0.540431,0.358209,0.945736,0.223881,0.394089
2024-08-01,0.410588,0.361386,0.369231,0.217822,0.764706
2024-08-02,0.375950,0.236453,0.427481,0.354680,0.556098
2024-08-03,0.246601,0.237745,,0.355392,0.160194
2024-08-04,0.247833,0.239024,,0.356098,0.161836
2024-08-05,0.209094,0.150485,0.000000,0.475728,0.471154
2024-08-06,0.194685,0.096618,0.007519,0.521739,0.430622
2024-08-07,0.184531,0.100962,0.007463,0.519231,0.366667
2024-08-08,0.240518,0.186603,0.096296,0.435407,0.436019
2024-08-09,0.262122,0.228571,0.205882,0.371429,0.330189
2024-08-10,0.220245,0.229858,,0.265403,0.159624
2024-08-11,0.221561,0.231132,,0.266509,0.161215
2024-08-12,0.392322,0.314554,0.525547,0.333333,0.334884
2024-08-13,0.357706,0.401869,0.289855,0.415888,0.351852
2024-08-14,0.433816,0.325581,0.582734,0.376744,0.400922
2024-08-15,0.482070,0.240741,0.757143,0.375000,0.500000
2024-08-16,0.411230,0.313364,0.503546,0.304147,0.515982
2024-08-17,0.271212,0.314220,,0.305046,0.159091
2024-08-18,0.272253,0.315068,,0.305936,0.160633
2024-08-19,0.390959,0.331818,0.500000,0.354545,0.324324
2024-08-20,0.359899,0.348416,0.398601,0.276018,0.385650
2024-08-21,0.342851,0.432432,0.159722,0.441441,0.437500
2024-08-22,0.458665,0.475336,0.510345,0.461883,0.324444
2024-08-23,0.538580,0.549107,0.376712,0.558036,0.814159
2024-08-24,0.448623,0.548889,,0.557778,0.158590
2024-08-25,0.448847,0.548673,,0.557522,0.160088
2024-08-26,0.644588,0.625551,0.775510,0.647577,0.423581
2024-08-27,0.445582,0.517544,0.398649,0.526316,0.326087
2024-08-28,0.488139,0.458515,0.604027,0.161572,0.627706
2024-08-29,0.515399,0.352174,0.786667,0.256522,0.538793
2024-08-30,0.493017,0.173160,0.821192,0.450216,0.493562
2024-08-31,0.238760,0.174569,,0.450431,0.158120
2024-09-01,0.239878,0.175966,,0.450644,0.159574
2024-09-02,0.224140,0.089744,,0.555556,0.161017
2024-09-03,0.421171,0.038298,0.539474,0.651064,0.687764
2024-09-04,0.257133,0.076271,0.202614,0.605932,0.369748
2024-09-05,0.465709,0.033755,0.805195,0.666667,0.422594
2024-09-06,0.467408,0.037815,0.767742,0.663866,0.500000
2024-09-07,0.226083,0.039749,,0.663180,0.159751
2024-09-08,0.227221,0.041667,,0.662500,0.161157
2024-09-09,0.238102,0.049793,0.083333,0.655602,0.493827
2024-09-10,0.196262,0.210744,0.133758,0.165289,0.319672
2024-09-11,0.315929,0.203704,0.348101,0.438272,0.346939
2024-09-12,0.304988,0.315574,0.289308,0.299180,0.321138
2024-09-13,0.609408,0.542857,0.687500,0.514286,0.672065
2024-09-14,0.434951,0.542683,,0.514228,0.159274
2024-09-15,0.435212,0.542510,,0.514170,0.160643
2024-09-16,0.464078,0.532258,0.440994,0.504032,0.344000
2024-09-17,0.707096,0.562249,0.925926,0.546185,0.705179
2024-09-18,0.641461,0.560000,0.901840,0.544000,0.380952
2024-09-19,0.617317,0.621514,0.762195,0.605578,0.339921
2024-09-20,0.519358,0.527778,0.618182,0.503968,0.326772
2024-09-21,0.424937,0.527668,,0.503953,0.158824
2024-09-22,0.425230,0.527559,,0.503937,0.160156
2024-09-23,0.525991,0.521569,0.644578,0.494118,0.334630
2024-09-24,0.323672,0.496094,0.065868,0.460938,0.372093
2024-09-25,0.557897,0.587549,0.636905,0.564202,0.343629
2024-09-26,0.774738,0.674419,0.917160,0.678295,0.776923
2024-09-27,0.747183,0.803089,0.682353,0.818533,0.701149
2024-09-28,0.636785,0.801923,,0.817308,0.158397
2024-09-29,0.636258,0.800766,,0.816092,0.159696
2024-09-30,0.457421,0.816794,0.368421,0.019084,0.375000
2024-10-01,0.577659,0.676806,0.744186,0.045627,0.573585
2024-10-02,0.564933,0.636364,0.820809,0.068182,0.406015
2024-10-03,0.530735,0.400000,0.919540,0.188679,0.344569
2024-10-04,0.372405,0.199248,0.502857,0.406015,0.410448
2024-10-05,0.240405,0.200375,,0.406367,0.157993
2024-10-06,0.241371,0.201493,,0.406716,0.159259
2024-10-07,0.407330,0.256506,0.596591,0.349442,0.376384
2024-10-08,0.564147,0.366667,0.864407,0.359259,0.544118
2024-10-09,0.387603,0.372694,0.488764,0.236162,0.362637
2024-10-10,0.502348,0.363971,0.770950,0.242647,0.485401
2024-10-11,0.571989,0.501832,0.561111,0.479853,0.810909
2024-10-12,0.406012,0.501825,,0.479927,0.157609
2024-10-13,0.406351,0.501818,,0.480000,0.158845
2024-10-14,0.624758,0.670290,0.497238,0.684783,0.730216
2024-10-15,0.742560,0.797834,0.653846,0.812274,0.745520
2024-10-16,0.634273,0.881295,0.377049,0.892086,0.428571
2024-10-17,0.720989,0.939068,0.516304,0.946237,0.498221
2024-10-18,0.709543,0.939286,0.362162,0.946429,0.730496
2024-10-19,0.734574,0.937722,,0.944840,0.157244
2024-10-20,0.733740,0.936170,,0.943262,0.158451
2024-10-21,0.796285,0.915194,0.758065,0.925795,0.526316
2024-10-22,0.641063,0.852113,0.411765,0.862676,0.482517
2024-10-23,0.640751,0.803509,0.829787,0.021053,0.557491
2024-10-24,0.675280,0.716783,0.693122,0.720280,0.520833
2024-10-25,0.544625,0.745645,0.463158,0.024390,0.820069
2024-10-26,0.411939,0.744792,,0.026042,0.156897
2024-10-27,0.412242,0.743945,,0.027682,0.158076
2024-10-28,0.712699,0.813793,0.471204,0.827586,0.883562
2024-10-29,0.634945,0.924399,0.078125,0.931271,0.894198
2024-10-30,0.792692,0.996575,0.616580,0.996575,0.561224
2024-10-31,0.948671,0.993174,0.938144,0.993174,0.844068
2024-11-01,0.708684,0.935374,0.364103,0.942177,0.733108
2024-11-02,0.731492,0.933898,,0.940678,0.156566
2024-11-03,0.730707,0.932432,,0.939189,0.157718
2024-11-04,0.661800,0.787879,0.862245,0.020202,0.645485
2024-11-05,0.457916,0.385906,0.583756,0.181208,0.610000
2024-11-06,0.280447,0.257525,0.131313,0.274247,0.617940
2024-11-07,0.670474,0.830000,0.537688,0.840000,0.470199
2024-11-08,0.666224,0.857143,0.415000,0.867110,0.607261
2024-11-09,0.674717,0.855960,,0.865894,0.156250
2024-11-10,0.674138,0.854785,,0.864686,0.157377
2024-11-11,0.771182,1.000000,0.442786,1.000000,0.764706
2024-11-12,0.685609,1.000000,0.341584,1.000000,0.469055
2024-11-13,0.947789,0.996732,0.965517,0.996732,0.775974
2024-11-14,0.912447,0.957655,0.970588,0.964169,0.666667
2024-11-15,0.558936,0.873377,0.117073,0.883117,0.522581
2024-11-16,0.686534,0.872168,,0.881877,0.155949
2024-11-17,0.685931,0.870968,,0.880645,0.157051
2024-11-18,0.513903,0.684887,0.121359,0.713826,0.766773
2024-11-19,0.785953,0.695513,0.859903,0.724359,0.869427
2024-11-20,0.696367,0.785942,0.490385,0.798722,0.831746
2024-11-21,0.925903,0.980892,0.904306,0.980892,0.813291
2024-11-22,0.825375,0.993651,0.585714,0.993651,0.817035
2024-11-23,0.772483,0.992089,,0.992089,0.155660
2024-11-24,0.771621,0.990536,,0.990536,0.156740
2024-11-25,0.802217,0.974843,0.545024,0.974843,0.815625
2024-11-26,0.673564,0.833856,0.853774,0.012539,0.651090
2024-11-27,0.743256,0.693750,0.784038,0.715625,0.782609
2024-11-28,0.240918,0.271028,,0.271028,0.156347
2024-11-29,0.505854,0.208075,0.878505,0.338509,0.496914
2024-11-30,0.227604,0.208978,,0.339009,0.156923
2024-12-01,0.228443,0.209877,,0.339506,0.157975
2024-12-02,0.649532,0.596923,0.706977,0.640000,0.645260
2024-12-03,0.582566,0.809816,0.310185,0.822086,0.460366
2024-12-04,0.594122,0.886850,0.092166,0.892966,0.738602
2024-12-05,0.620636,0.975610,0.165138,0.975610,0.506061
2024-12-06,0.763102,0.975684,0.616438,0.975684,0.450151
2024-12-07,0.759576,0.974242,,0.974242,0.156627
2024-12-08,0.758790,0.972810,,0.972810,0.157658
2024-12-09,0.847109,0.978916,0.895455,0.978916,0.383234
2024-12-10,0.672629,0.951952,0.425339,0.951952,0.367164
2024-12-11,0.698408,0.916168,0.472973,0.922156,0.517857
2024-12-12,0.587562,0.877612,0.237668,0.883582,0.445104
2024-12-13,0.662143,0.895833,0.312500,0.901786,0.677515
2024-12-14,0.702286,0.894659,,0.900593,0.156342
2024-12-15,0.701686,0.893491,,0.899408,0.157353
2024-12-16,0.861450,0.929204,0.831111,0.935103,0.724340
2024-12-17,0.709506,0.929412,0.349558,0.935294,0.783626
2024-12-18,0.742061,0.932551,0.920705,0.008798,0.734694
2024-12-19,0.629412,0.710526,0.780702,0.029240,0.752907
2024-12-20,0.531924,0.472303,0.873362,0.107872,0.382609
2024-12-21,0.299092,0.472384,,0.109012,0.156069
2024-12-22,0.299673,0.472464,,0.110145,0.157061
2024-12-23,0.342039,0.101156,0.347826,0.482659,0.646552
2024-12-24,0.220736,0.002882,0.012987,0.769452,0.510029
2024-12-25,0.238915,0.002874,,0.790230,0.157143
2024-12-26,0.385296,0.131805,0.543103,0.435530,0.504274
2024-12-27,0.408949,0.125714,0.506438,0.448571,0.710227
2024-12-28,0.214726,0.126781,,0.448718,0.157224
2024-12-29,0.215535,0.127841,,0.448864,0.158192
2024-12-30,0.486140,0.073654,0.743590,0.549575,0.695775
2024-12-31,0.507250,0.186441,0.846809,0.350282,0.595506
2025-01-01,0.220269,0.187324,,0.350704,0.158263
2025-01-02,0.344562,0.011236,0.555085,0.039326,0.846369
2025-01-03,0.524603,0.394958,0.552743,0.366947,0.860724
2025-01-04,0.326111,0.395251,,0.367318,0.158333
2025-01-05,0.326594,0.395543,,0.367688,0.159280
2025-01-06,0.672226,0.805556,0.357143,0.819444,0.895028
2025-01-07,0.699256,0.808864,0.430962,0.822715,0.898072
2025-01-08,0.674450,0.718232,0.625000,0.740331,0.626374
2025-01-09,0.423093,0.771350,,0.016529,0.158904
2025-01-10,0.508388,0.417582,0.713693,0.145604,0.622951
2025-01-11,0.282603,0.417808,,0.146575,0.159401
2025-01-12,0.283196,0.418033,,0.147541,0.160326
2025-01-13,0.209772,0.010899,0.024793,0.692098,0.482385
2025-01-14,0.312714,0.008152,0.333333,0.760870,0.416216
2025-01-15,0.551573,0.306233,0.831967,0.319783,0.684636
2025-01-16,0.595754,0.591892,0.583673,0.627027,0.596774
2025-01-17,0.850284,0.851752,0.829268,0.862534,0.876676
2025-01-18,0.671865,0.850806,,0.861559,0.159091
2025-01-19,0.671403,0.849866,,0.860590,0.160000
2025-01-20,0.694927,0.882353,,0.890374,0.160904
2025-01-21,0.877245,0.984000,0.809717,0.984000,0.708223
2025-01-22,0.769368,0.960106,0.536290,0.960106,0.685185
2025-01-23,0.933435,0.896552,0.975904,0.904509,0.947230
2025-01-24,0.838352,0.812169,0.876000,0.822751,0.828947
2025-01-25,0.642982,0.811346,,0.821900,0.160105
2025-01-26,0.642605,0.810526,,0.821053,0.160995
2025-01-27,0.500188,0.750656,0.043825,0.763780,0.668407
2025-01-28,0.587228,0.510471,0.888889,0.091623,0.614583
2025-01-29,0.437251,0.433420,0.268775,0.425587,0.781818
2025-01-30,0.713365,0.582031,0.822835,0.614583,0.839378
2025-01-31,0.623454,0.529870,0.850980,0.085714,0.865633
2025-02-01,0.322630,0.529793,,0.086788,0.159794
2025-02-02,0.323087,0.529716,,0.087855,0.160668
2025-02-03,0.586124,0.587629,0.828125,0.059278,0.612821
2025-02-04,0.480383,0.688946,0.439689,0.030848,0.595908
2025-02-05,0.509311,0.684615,0.624031,0.033333,0.410714
2025-02-06,0.313336,0.416880,0.115830,0.145780,0.661578
2025-02-07,0.533140,0.336735,0.800000,0.196429,0.700508
2025-02-08,0.255750,0.337150,,0.197201,0.159494
2025-02-09,0.256369,0.337563,,0.197970,0.160354
2025-02-10,0.422680,0.372152,0.551724,0.172152,0.503778
2025-02-11,0.386863,0.202020,0.427481,0.340909,0.695980
2025-02-12,0.385628,0.088161,0.695817,0.115869,0.593985
2025-02-13,0.244952,0.087940,0.310606,0.113065,0.535000
2025-02-14,0.478555,0.067669,0.890566,0.087719,0.815461
2025-02-15,0.097466,0.068750,,0.088750,0.159204
2025-02-16,0.217378,0.069825,,0.568579,0.160050
2025-02-17,0.223524,0.126866,,0.480100,0.160891
2025-02-18,0.405025,0.126551,0.387218,0.488834,0.879012
2025-02-19,0.498063,0.195545,0.677903,0.358911,0.844828
2025-02-20,0.365675,0.113580,0.526119,0.138272,0.739558
2025-02-21,0.550648,0.088670,0.810409,0.549261,0.909314
2025-02-22,0.222287,0.089681,,0.549140,0.160147
2025-02-23,0.112184,0.090686,,0.102941,0.160976
2025-02-24,0.475198,0.012225,0.637037,0.709046,0.802920
2025-02-25,0.533206,0.002439,0.667897,0.870732,0.941748
2025-02-26,0.343609,0.002433,0.058824,0.958637,0.949153
2025-02-27,0.336871,0.004854,0.183150,0.944175,0.678744
2025-02-28,0.328791,0.007264,0.244526,0.937046,0.515663
2025-03-01,0.278556,0.008454,,0.935990,0.159856
2025-03-02,0.279088,0.009639,,0.934940,0.160671
2025-03-03,0.366290,0.014423,0.178182,0.860577,0.918660
2025-03-04,0.600852,0.026379,0.978261,0.729017,0.818616
2025-03-05,0.319713,0.169856,0.299639,0.150718,0.797619
2025-03-06,0.348420,0.212411,0.312950,0.190931,0.819477
2025-03-07,0.469596,0.047619,0.946237,0.064286,0.715640
2025-03-08,0.081935,0.048694,,0.065321,0.159574
2025-03-09,0.221222,0.049763,,0.623223,0.160377
2025-03-10,0.314374,0.035461,0.075000,0.671395,0.960000
2025-03-11,0.425235,0.025943,0.519573,0.735849,0.692488
2025-03-12,0.356144,0.025882,0.379433,0.741176,0.562061
2025-03-13,0.581324,0.025822,0.869258,0.741784,0.906542
2025-03-14,0.482173,0.056206,0.570423,0.632319,0.962704
2025-03-15,0.226780,0.057243,,0.632009,0.159302
2025-03-16,0.082692,0.058275,,0.048951,0.160093
2025-03-17,0.398910,0.218605,0.438596,0.176744,0.868056
2025-03-18,0.391623,0.450116,0.157343,0.171694,0.944573
2025-03-19,0.473365,0.449074,0.331010,0.414352,0.850230
2025-03-20,0.568551,0.588915,0.461806,0.570439,0.735632
2025-03-21,0.607191,0.617512,0.536332,0.619816,0.713303
2025-03-22,0.359635,0.617241,,0.064368,0.159039
2025-03-23,0.497800,0.616972,,0.620413,0.159817
2025-03-24,0.575984,0.558352,0.555172,0.544622,0.678815
2025-03-25,0.427674,0.479452,0.340206,0.445205,0.484091
2025-03-26,0.467964,0.523918,0.208904,0.505695,0.829932
2025-03-27,0.632209,0.479545,0.723549,0.445455,0.916290
2025-03-28,0.468265,0.378685,0.459184,0.346939,0.767494
2025-03-29,0.280416,0.378959,,0.214932,0.158784
2025-03-30,0.280911,0.379233,,0.215576,0.159551
2025-03-31,0.571754,0.322072,0.918644,0.274775,0.645740
2025-04-01,0.518028,0.265169,0.675676,0.332584,0.859060
2025-04-02,0.273273,0.307175,0.060606,0.291480,0.604911
2025-04-03,0.448874,0.243848,0.496644,0.353468,0.828508
2025-04-04,0.542303,0.247768,0.698997,0.350446,0.968889
2025-04-05,0.222265,0.248330,,0.238307,0.158537
2025-04-06,0.251028,0.248889,,0.352222,0.159292
2025-04-07,0.581739,0.235033,0.886667,0.365854,0.841060
2025-04-08,0.460390,0.181416,0.591362,0.466814,0.720264
2025-04-09,0.488868,0.066225,0.956954,0.068433,0.767033
2025-04-10,0.301164,0.059471,0.112211,0.640969,0.796053
2025-04-11,0.415956,0.076923,0.381579,0.617582,0.923414
2025-04-12,0.097611,0.077851,,0.072368,0.158297
2025-04-13,0.098490,0.078775,,0.073304,0.159041
2025-04-14,0.385205,0.104803,0.616393,0.085153,0.743478
2025-04-15,0.375765,0.254902,0.424837,0.215686,0.657267
2025-04-16,0.302646,0.232609,0.208469,0.189130,0.722944
2025-04-17,0.383425,0.329718,0.237013,0.299349,0.846652
2025-04-18,0.278284,0.331169,,0.300866,0.158405
2025-04-19,0.277421,0.331533,,0.295896,0.159140
2025-04-20,0.279505,0.331897,,0.302802,0.159871
2025-04-21,0.478556,0.518280,0.190939,0.492473,0.948608
2025-04-22,0.653325,0.778970,0.306452,0.774678,0.976496
2025-04-23,0.721284,0.935760,0.286174,0.931478,0.965885
2025-04-24,0.692342,0.966880,0.259615,0.966880,0.759574
2025-04-25,0.708935,0.985075,0.207668,0.985075,0.904459
2025-04-26,0.767399,0.984043,,0.984043,0.158898
2025-04-27,0.766831,0.983015,,0.983015,0.159619
2025-04-28,0.761246,0.987288,0.382166,0.987288,0.860759
2025-04-29,0.756909,0.938689,0.422222,0.938689,0.894737
2025-04-30,0.674118,0.797468,0.367089,0.793249,0.926471
2025-05-01,0.723255,0.793684,0.488959,0.787368,0.985325
2025-05-02,0.755718,0.846639,0.506289,0.840336,0.989540
2025-05-03,0.663912,0.845912,,0.839623,0.158664
2025-05-04,0.663568,0.845188,,0.838912,0.159375
2025-05-05,0.666214,0.807933,0.768025,0.012526,0.823285
2025-05-06,0.666979,0.779167,0.521875,0.775000,0.636929
2025-05-07,0.631652,0.798337,0.551402,0.796258,0.320911
2025-05-08,0.600124,0.767635,0.338509,0.765560,0.638430
2025-05-09,0.511697,0.668737,0.306502,0.666667,0.470103
2025-05-10,0.533986,0.668388,,0.666322,0.158436
2025-05-11,0.533915,0.668041,,0.665979,0.159138
2025-05-12,0.492210,0.541152,0.379630,0.518519,0.594262
2025-05-13,0.449197,0.537988,0.227692,0.515400,0.650307
2025-05-14,0.494939,0.600410,0.245399,0.590164,0.691837
2025-05-15,0.465586,0.599182,0.235474,0.588957,0.545825
2025-05-16,0.459455,0.585714,0.158537,0.569388,0.703252
2025-05-17,0.348160,0.585540,,0.081466,0.158215
2025-05-18,0.469612,0.585366,,0.570122,0.158907
2025-05-19,0.522266,0.770791,0.079027,0.768763,0.684848
2025-05-20,0.578074,0.817814,0.030303,0.813765,0.969758
2025-05-21,0.603465,0.874747,0.027190,0.870707,0.961771
2025-05-22,0.811477,0.973790,0.545181,0.973790,0.871486
2025-05-23,0.846239,0.963783,0.693694,0.963783,0.811623
2025-05-24,0.751536,0.962851,,0.962851,0.158000
2025-05-25,0.751031,0.961924,,0.961924,0.158683
2025-05-26,0.680952,0.868000,,0.864000,0.159363
2025-05-27,0.696146,0.882236,0.380240,0.878244,0.789264
2025-05-28,0.702701,0.860558,0.829851,0.007968,0.819444
2025-05-29,0.629112,0.596421,0.764881,0.073559,0.952475
2025-05-30,0.492570,0.255952,0.703264,0.335317,0.673913
2025-05-31,0.250466,0.256436,,0.335644,0.158777
2025-06-01,0.250959,0.256917,,0.335968,0.159449
2025-06-02,0.371702,0.155819,0.437870,0.485207,0.538310
2025-06-03,0.401961,0.145669,0.445428,0.490157,0.711765
2025-06-04,0.414904,0.055010,0.570588,0.622790,0.587084
2025-06-05,0.553268,0.082353,0.824047,0.592157,0.869141
2025-06-06,0.463360,0.273973,0.678363,0.238748,0.612086
2025-06-07,0.235265,0.274414,,0.239258,0.158560
2025-06-08,0.235781,0.274854,,0.239766,0.159223
2025-06-09,0.701744,0.542802,0.938776,0.523346,0.707364
2025-06-10,0.559056,0.568932,0.584302,0.553398,0.497099
2025-06-11,0.572845,0.596899,0.594203,0.585271,0.474903
2025-06-12,0.732941,0.688588,0.893064,0.686654,0.549133
2025-06-13,0.668185,0.774131,0.631124,0.772201,0.444231
2025-06-14,0.423773,0.773603,,0.015414,0.158349
2025-06-15,0.423919,0.773077,,0.016346,0.159004
2025-06-16,0.683529,0.779271,0.899425,0.015355,0.718929
2025-06-17,0.430133,0.741379,0.123209,0.024904,0.828244
2025-06-18,0.552125,0.782027,0.511429,0.015296,0.710476
2025-06-19,0.422133,0.765267,,0.024809,0.158745
2025-06-20,0.486479,0.683810,0.470085,0.041905,0.571157
2025-06-21,0.386674,0.683460,,0.042776,0.159091
2025-06-22,0.386888,0.683112,,0.043643,0.159735
2025-06-23,0.439082,0.668561,0.221591,0.053030,0.798113
2025-06-24,0.583069,0.765595,0.249292,0.775047,0.708098
2025-06-25,0.635590,0.784906,0.381356,0.783019,0.710526
2025-06-26,0.609603,0.819209,0.354930,0.815443,0.517824
2025-06-27,0.714628,0.904135,0.460674,0.900376,0.677903
2025-06-28,0.706975,0.903377,,0.899625,0.158879
2025-06-29,0.706587,0.902622,,0.898876,0.159515
2025-06-30,0.643599,0.863551,0.282913,0.859813,0.728119
2025-07-01,0.416574,0.669776,0.195531,0.046642,0.723048
2025-07-02,0.597741,0.635009,0.350975,0.655493,0.951763
2025-07-03,0.752905,0.749071,0.877778,0.758364,0.512963
2025-07-04,0.490555,0.601113,,0.623377,0.158965
2025-07-05,0.490572,0.600926,,0.623148,0.159594
2025-07-06,0.490589,0.600739,,0.622921,0.160221
2025-07-07,0.642386,0.634686,0.598338,0.647601,0.737132
2025-07-08,0.567539,0.756906,0.301105,0.766114,0.543119
2025-07-09,0.506664,0.704044,0.027548,0.713235,0.871795
2025-07-10,0.670312,0.809174,0.414835,0.807339,0.776965
2025-07-11,0.689588,0.959707,0.202740,0.959707,0.874088
2025-07-12,0.748960,0.958867,,0.958867,0.159381
2025-07-13,0.748505,0.958029,,0.958029,0.160000
2025-07-14,0.655164,0.974499,0.355191,0.974499,0.339383
2025-07-15,0.832611,0.985455,0.632153,0.985455,0.791667
2025-07-16,0.801554,0.996370,0.508152,0.996370,0.822785
2025-07-17,0.842884,0.981884,0.791328,0.981884,0.552347
2025-07-18,0.809869,0.920434,0.724324,0.916817,0.668468
2025-07-19,0.719107,0.919675,,0.916065,0.159173
2025-07-20,0.493186,0.918919,,0.007207,0.159785
2025-07-21,0.645357,0.847122,0.752022,0.010791,0.663082
2025-07-22,0.688350,0.763016,0.663978,0.764811,0.524150
2025-07-23,0.440649,0.534050,0.286863,0.544803,0.466071
2025-07-24,0.400290,0.411449,0.505348,0.171735,0.392157
2025-07-25,0.322031,0.314286,0.320000,0.264286,0.395018
2025-07-26,0.271759,0.314617,,0.306595,0.158970
2025-07-27,0.272165,0.314947,,0.306940,0.159574
2025-07-28,0.398430,0.438721,0.271277,0.426288,0.543363
2025-07-29,0.422517,0.501773,0.445623,0.124113,0.512367
2025-07-30,0.360612,0.553982,0.214286,0.092035,0.537919
2025-07-31,0.498261,0.408127,0.725594,0.176678,0.529930
2025-08-01,0.542776,0.079365,0.852632,0.569665,0.780316
2025-08-02,0.222310,0.080106,,0.569542,0.158772
2025-08-03,0.222797,0.080844,,0.569420,0.159370
2025-08-04,0.467269,0.026316,0.593176,0.710526,0.814685
2025-08-05,0.357864,0.015762,0.455497,0.765324,0.420593
2025-08-06,0.320556,0.017483,0.360313,0.760490,0.391986
2025-08-07,0.164936,0.034904,0.101562,0.054101,0.634783
2025-08-08,0.415922,0.395470,0.454545,0.376307,0.416667
2025-08-09,0.328657,0.395652,,0.376522,0.158579
2025-08-10,0.328954,0.395833,,0.376736,0.159170
2025-08-11,0.590159,0.590988,0.691710,0.610052,0.373057
2025-08-12,0.562160,0.660900,0.501292,0.674740,0.389655
2025-08-13,0.478419,0.659758,0.131443,0.673575,0.628227
2025-08-14,0.464080,0.653448,0.066838,0.672414,0.683849
2025-08-15,0.570248,0.519793,0.684615,0.523236,0.487136
2025-08-16,0.425735,0.519759,,0.523196,0.158390
2025-08-17,0.325330,0.519726,,0.118353,0.158974
2025-08-18,0.419757,0.385274,0.598465,0.188356,0.356655
2025-08-19,0.432122,0.176068,0.505102,0.417094,0.781942
2025-08-20,0.293556,0.056314,0.246819,0.604096,0.532313
2025-08-21,0.387232,0.027257,0.507614,0.722317,0.507640
2025-08-22,0.440747,0.025510,0.501266,0.727891,0.825424
2025-08-23,0.235082,0.026316,,0.727504,0.158206
2025-08-24,0.235530,0.027119,,0.727119,0.158784
2025-08-25,0.526593,0.054146,0.909091,0.627750,0.569983
2025-08-26,0.379834,0.214527,0.471033,0.364865,0.525253
2025-08-27,0.357770,0.354132,0.376884,0.224283,0.453782
2025-08-28,0.557822,0.525253,0.686717,0.520202,0.404362
2025-08-29,0.540124,0.484034,0.742500,0.139496,0.631491
2025-08-30,0.313038,0.484060,,0.140101,0.158027
2025-08-31,0.313351,0.484087,,0.140704,0.158598
2025-09-01,0.276469,0.377926,,0.200669,0.159167
2025-09-02,0.361409,0.497496,0.229426,0.131886,0.580699
2025-09-03,0.428911,0.586667,0.186567,0.583333,0.458472
2025-09-04,0.400761,0.412646,0.476427,0.179700,0.441128
2025-09-05,0.395411,0.393688,0.217822,0.375415,0.761589
2025-09-06,0.327585,0.393864,,0.375622,0.158678
2025-09-07,0.327870,0.394040,,0.375828,0.159241
2025-09-08,0.589197,0.566942,0.481481,0.558678,0.868204
2025-09-09,0.467011,0.427393,0.369458,0.410891,0.782895
2025-09-10,0.651258,0.602965,0.633907,0.612850,0.811166
2025-09-11,0.585807,0.789474,0.218137,0.792763,0.722951
2025-09-12,0.649225,0.919540,0.156479,0.917898,0.846154
2025-09-13,0.718812,0.918852,,0.917213,0.158497
2025-09-14,0.718454,0.918167,,0.916530,0.159054
2025-09-15,0.667376,0.897059,0.334146,0.895425,0.669381
2025-09-16,0.664870,0.933116,0.223844,0.933116,0.765854
2025-09-17,0.618739,0.807003,0.237864,0.808632,0.826299
2025-09-18,0.781742,0.752846,0.799031,0.760976,0.821718
2025-09-19,0.593327,0.636364,0.669082,0.055195,0.875405
2025-09-20,0.366592,0.636143,,0.055916,0.158320
2025-09-21,0.366807,0.635922,,0.056634,0.158871
2025-09-22,0.316957,0.399031,0.207229,0.187399,0.499195
2025-09-23,0.409621,0.250000,,0.324194,0.787781
2025-09-24,0.538693,0.333333,0.846154,0.243156,0.605136
2025-09-25,0.416255,0.200965,,0.387460,0.844551
2025-09-26,0.394288,0.044944,,0.651685,0.801600
2025-09-27,0.225644,0.045673,,0.651442,0.158147
2025-09-28,0.226083,0.046400,,0.651200,0.158692
2025-09-29,0.447090,0.287540,,0.281150,0.901274
2025-09-30,0.417745,0.516746,0.167866,0.505582,0.634340
2025-10-01,0.590291,0.664013,0.349282,0.676752,0.838095
2025-10-02,0.661890,0.844197,0.269690,0.844197,0.909667
2025-10-03,0.737456,0.987302,0.266667,0.987302,0.947785
2025-10-04,0.768991,0.986529,,0.986529,0.157978
2025-10-05,0.768565,0.985759,,0.985759,0.158517
2025-10-06,0.842855,0.996840,0.565321,0.996840,0.948031
2025-10-07,0.793256,1.000000,0.395735,1.000000,0.982704
2025-10-08,0.824249,0.996850,0.531915,0.996850,0.905808
2025-10-09,0.795509,0.990566,0.492925,0.990566,0.833856
2025-10-10,0.662812,0.943485,0.684706,0.001570,0.723005
2025-10-11,0.503137,0.942790,,0.002351,0.157812
2025-10-12,0.503132,0.942097,,0.003130,0.158346
2025-10-13,0.512274,0.715625,0.321596,0.032813,0.956386
2025-10-14,0.592973,0.466459,0.784543,0.157566,0.869362
2025-10-15,0.473276,0.246106,0.635514,0.328660,0.718944
2025-10-16,0.438935,0.054432,0.449883,0.631415,0.951938
2025-10-17,0.485045,0.018634,0.588372,0.737578,0.914861
2025-10-18,0.233954,0.019380,,0.737209,0.157651
2025-10-19,0.234365,0.020124,,0.736842,0.158179
2025-10-20,0.434271,0.047913,0.466357,0.658423,0.879815
2025-10-21,0.475793,0.125000,0.597222,0.523148,0.849231
2025-10-22,0.563453,0.126348,0.824480,0.522342,0.910906
2025-10-23,0.528905,0.292308,0.748848,0.283077,0.776074
2025-10-24,0.602245,0.483871,0.673563,0.479263,0.800919
2025-10-25,0.397055,0.483896,,0.479294,0.157492
2025-10-26,0.397212,0.483920,,0.479326,0.158015
2025-10-27,0.612591,0.567278,0.605505,0.556575,0.763720
2025-10-28,0.597446,0.445802,0.757437,0.424427,0.733638
2025-10-29,0.604761,0.291159,0.863014,0.282012,0.993921
2025-10-30,0.561210,0.135464,0.851936,0.500761,0.848255
2025-10-31,0.405124,0.066869,0.411364,0.617021,0.822727
2025-11-01,0.227528,0.067527,,0.616844,0.157337
2025-11-02,0.227940,0.068182,,0.616667,0.157855
2025-11-03,0.426862,0.036309,0.503401,0.715582,0.733032
2025-11-04,0.366271,0.012085,0.192308,0.850453,0.905120
2025-11-05,0.471583,0.013575,0.711061,0.791855,0.557895
2025-11-06,0.308476,0.064759,0.108108,0.626506,0.849850
2025-11-07,0.277972,0.027068,0.121348,0.735338,0.616192
2025-11-08,0.237387,0.027778,,0.734985,0.157186
2025-11-09,0.237780,0.028486,,0.734633,0.157698
2025-11-10,0.537601,0.049401,0.869955,0.676647,0.671642
2025-11-11,0.424494,0.327354,0.617450,0.295964,0.353204
2025-11-12,0.475555,0.288060,0.667411,0.297015,0.622024
2025-11-13,0.553769,0.038748,0.886414,0.721311,0.710253
2025-11-14,0.574439,0.047619,0.968889,0.702381,0.670623
2025-11-15,0.239209,0.048291,,0.702080,0.157037
2025-11-16,0.239596,0.048961,,0.701780,0.157544
2025-11-17,0.439683,0.017778,0.441242,0.771852,0.908419
2025-11-18,0.526426,0.008876,0.778761,0.900888,0.647493
2025-11-19,0.354996,0.013294,0.141280,0.852290,0.935199
2025-11-20,0.323305,0.011799,0.044053,0.853982,0.942647
2025-11-21,0.314025,0.030928,0.059341,0.737850,0.933921
2025-11-22,0.239812,0.031618,,0.737500,0.156891
2025-11-23,0.240194,0.032305,,0.737151,0.157394
2025-11-24,0.576028,0.057185,0.875000,0.696481,0.849415
2025-11-25,0.330535,0.137628,0.157549,0.532943,0.833577
2025-11-26,0.368899,0.124269,0.292576,0.555556,0.795918
2025-11-27,0.327157,0.404380,,0.354745,0.157205
2025-11-28,0.579390,0.342566,0.936819,0.290087,0.601744
2025-11-29,0.281125,0.342795,,0.290393,0.157475
2025-11-30,0.281442,0.343023,,0.290698,0.157971
2025-12-01,0.301759,0.402032,0.015217,0.190131,0.775687
2025-12-02,0.640825,0.366667,0.989154,0.328986,0.771676
2025-12-03,0.564112,0.360347,0.870130,0.312590,0.588745
2025-12-04,0.273783,0.300578,0.155508,0.250000,0.475504
2025-12-05,0.465101,0.288600,0.577586,0.307359,0.725180
2025-12-06,0.259011,0.288905,,0.307637,0.157328
2025-12-07,0.243635,0.289209,,0.244604,0.157819
2025-12-08,0.417015,0.264368,0.563441,0.227011,0.597421
2025-12-09,0.517441,0.305595,0.742489,0.253945,0.725322
2025-12-10,0.601178,0.385387,0.955032,0.212034,0.685714
2025-12-11,0.364232,0.450644,0.108974,0.399142,0.664765
2025-12-12,0.350538,0.447143,0.202559,0.395714,0.414530
2025-12-13,0.358315,0.447218,,0.395863,0.157183
2025-12-14,0.300852,0.447293,,0.163818,0.157670
2025-12-15,0.523348,0.318634,0.597872,0.275960,0.994326
2025-12-16,0.596707,0.171875,0.866242,0.474432,0.981586
2025-12-17,0.386492,0.243972,0.226695,0.350355,0.995757
2025-12-18,0.580928,0.215297,0.824524,0.400850,0.960452
2025-12-19,0.471095,0.164074,0.508439,0.490806,0.952045
2025-12-20,0.243606,0.164548,,0.490819,0.157042
2025-12-21,0.150443,0.165021,,0.114245,0.157525
2025-12-22,0.367511,0.219718,0.301053,0.167606,0.960674
2025-12-23,0.475665,0.257384,0.567227,0.344585,0.828892
2025-12-24,0.443344,0.089888,0.844864,0.063202,0.683473
2025-12-25,0.122238,0.122020,,0.085554,0.157343
2025-12-26,0.464142,0.095238,0.573222,0.614846,0.797486
2025-12-27,0.240892,0.095804,,0.614685,0.157601
2025-12-28,0.241253,0.096369,,0.614525,0.158078
2025-12-29,0.439155,0.128312,0.670146,0.569038,0.447844
2025-12-30,0.578984,0.295265,0.812500,0.243733,0.972222
2025-12-31,0.389861,0.225313,0.272349,0.401947,0.912621
2026-01-01,0.192544,0.225694,,0.163889,0.157895
2026-01-02,0.616250,0.540915,0.556017,0.489598,0.993084
2026-01-03,0.427651,0.540859,,0.489612,0.158149
2026-01-04,0.427750,0.540802,,0.489627,0.158621
2026-01-05,0.863906,0.745856,0.979296,0.729282,0.987603
2026-01-06,0.606074,0.586207,0.506198,0.536552,0.902338
2026-01-07,0.557940,0.520661,0.480412,0.473829,0.857143
2026-01-08,0.395867,0.350757,0.267490,0.290234,0.828532
2026-01-09,0.366174,0.120879,0.476386,0.083791,0.876712
2026-01-10,0.245644,0.121399,,0.582990,0.158003
2026-01-11,0.245992,0.121918,,0.582877,0.158470
2026-01-12,0.525034,0.023256,0.715164,0.768810,0.860846
2026-01-13,0.564019,0.239071,0.877301,0.174863,0.930518
2026-01-14,0.832250,0.723056,0.926531,0.699864,0.978231
2026-01-15,0.679083,0.806540,0.411405,0.806540,0.839674
2026-01-16,0.574966,0.789116,0.052846,0.790476,0.983718
2026-01-17,0.623426,0.788723,,0.790082,0.157859
2026-01-18,0.623258,0.788331,,0.789688,0.158322
2026-01-19,0.609937,0.769648,,0.772358,0.158784
2026-01-20,0.452600,0.355886,0.381339,0.251691,0.960864
2026-01-21,0.435675,0.018919,0.388664,0.794595,0.963612
2026-01-22,0.554515,0.016194,0.745455,0.812416,0.943472
2026-01-23,0.544419,0.025606,0.737903,0.774933,0.918011
2026-01-24,0.246782,0.026245,,0.774563,0.158389
2026-01-25,0.247122,0.026882,,0.774194,0.158847
2026-01-26,0.513550,0.029530,0.710262,0.771812,0.789826
2026-01-27,0.463350,0.071046,0.795181,0.046917,0.945187
2026-01-28,0.494627,0.230254,0.589178,0.400268,0.893191
2026-01-29,0.312573,0.066845,0.012000,0.693850,0.992000
2026-01-30,0.441785,0.020027,0.475050,0.795728,0.828229
2026-01-31,0.249174,0.020667,,0.795333,0.158245
2026-02-01,0.249508,0.021305,,0.794940,0.158699
2026-02-02,0.516498,0.083777,0.629482,0.655585,0.972149
2026-02-03,0.312261,0.073041,0.007952,0.686587,0.993377
2026-02-04,0.322466,0.017241,0.037698,0.814324,0.977513
2026-02-05,0.309488,0.051656,0.001980,0.732450,0.985469
2026-02-06,0.602773,0.236772,0.954545,0.402116,0.792876
2026-02-07,0.257382,0.237120,,0.402246,0.158103
2026-02-08,0.257702,0.237467,,0.402375,0.158553
2026-02-09,0.495134,0.122530,0.591716,0.586298,0.915900
2026-02-10,0.323329,0.242105,0.072835,0.394737,0.892388
2026-02-11,0.350822,0.345598,0.129666,0.274639,0.861075
2026-02-12,0.366163,0.355643,0.164706,0.266404,0.870419
2026-02-13,0.527916,0.229358,0.661448,0.420708,0.926797
2026-02-14,0.189583,0.229712,,0.143979,0.157963
2026-02-15,0.258811,0.230065,,0.421569,0.158409
2026-02-16,0.254614,0.184073,,0.494778,0.158854
2026-02-17,0.436153,0.113429,0.414062,0.608866,0.916775
2026-02-18,0.329005,0.156250,0.099415,0.548177,0.888312
2026-02-19,0.325540,0.219766,0.245136,0.140442,0.853437
2026-02-20,0.406198,0.246753,0.324272,0.401299,0.866580
2026-02-21,0.262149,0.247082,,0.401427,0.158473
2026-02-22,0.262456,0.247409,,0.401554,0.158915
2026-02-23,0.270065,0.183700,0.009690,0.503234,0.714839
2026-02-24,0.358907,0.306202,0.278530,0.325581,0.644330
2026-02-25,0.490732,0.565161,0.216216,0.487742,0.886744
2026-02-26,0.698876,0.686856,0.664740,0.650773,0.832905
2026-02-27,0.491967,0.660232,0.440385,0.064350,0.682927
2026-02-28,0.380510,0.660026,,0.064910,0.158333
2026-03-01,0.380663,0.659820,,0.065469,0.158771
2026-03-02,0.885206,0.805128,0.961612,0.796154,0.970588
2026-03-03,0.695148,0.800256,0.440613,0.793854,0.899106
2026-03-04,0.881091,0.792839,0.996176,0.785166,0.913265
2026-03-05,0.604359,0.683269,0.412214,0.642401,0.793631
2026-03-06,0.536803,0.596939,0.367619,0.528061,0.760814
2026-03-07,0.464571,0.596815,,0.528025,0.158196
2026-03-08,0.464616,0.596692,,0.527990,0.158629
2026-03-09,0.396087,0.468869,0.193916,0.167726,0.868188
2026-03-10,0.459024,0.483503,0.332068,0.394670,0.720253
2026-03-11,0.359238,0.342205,0.268939,0.283904,0.637168
2026-03-12,0.327578,0.443038,0.102079,0.183544,0.685606
2026-03-13,0.552091,0.651075,0.266038,0.606827,0.870113
2026-03-14,0.510517,0.650884,,0.606692,0.158060
2026-03-15,0.510503,0.650694,,0.606557,0.158491
2026-03-16,0.664500,0.662469,0.659134,0.619647,0.721106
2026-03-17,0.641196,0.642767,0.716165,0.600000,0.531995
2026-03-18,0.663490,0.554020,0.780488,0.482412,0.812030
2026-03-19,0.409660,0.495609,0.256554,0.145546,0.795995
2026-03-20,0.333153,0.387218,0.104673,0.238095,0.765000
2026-03-21,0.290134,0.387359,,0.238423,0.157928
2026-03-22,0.290396,0.387500,,0.238750,0.158354
2026-03-23,0.538576,0.372035,0.804104,0.250936,0.606476
2026-03-24,0.559234,0.278055,0.798883,0.342893,0.823383
2026-03-25,0.572794,0.343711,0.869888,0.254047,0.725466
2026-03-26,0.292743,0.315920,0.063080,0.313433,0.674938
2026-03-27,0.363577,0.245963,0.238889,0.391304,0.798017
2026-03-28,0.259097,0.246278,,0.391439,0.157797
2026-03-29,0.259396,0.246592,,0.391574,0.158220
2026-03-30,0.341209,0.212871,0.249538,0.446782,0.658025
2026-03-31,0.468600,0.285538,0.536900,0.339926,0.799014
2026-04-01,0.455837,0.213580,0.616943,0.446914,0.603448
2026-04-02,0.272555,0.286067,0.117647,0.340321,0.483395
2026-04-03,0.289445,0.368227,,0.273399,0.157862
2026-04-04,0.289704,0.368389,,0.273678,0.158282
2026-04-05,0.289962,0.368550,,0.273956,0.158701
2026-04-06,0.488579,0.539877,0.383486,0.473620,0.610771
2026-04-07,0.277468,0.411765,0.082418,0.328431,0.356968
2026-04-08,0.608209,0.435741,0.811700,0.341493,0.787546
2026-04-09,0.419789,0.584352,0.177007,0.515892,0.492683
2026-04-10,0.465244,0.665446,0.167577,0.623932,0.518879
2026-04-11,0.521808,0.665244,,0.623780,0.158151
2026-04-12,0.521781,0.665043,,0.623630,0.158566
2026-04-13,0.258137,0.358881,0.063636,0.263990,0.441748
2026-04-14,0.482303,0.596598,0.197822,0.532199,0.773333
2026-04-15,0.529624,0.683252,0.322464,0.646845,0.533898
2026-04-16,0.393686,0.540606,0.117541,0.476364,0.576784
2026-04-17,0.399402,0.430387,,0.338378,
